Open,High,Low,Close,Volume
1.63,1.74,1.62,1.73,864000
1.68,1.75,1.67,1.74,2150400
1.78,1.81,1.75,1.8,2404800
1.83,1.84,1.8,1.84,4795200
1.83,1.88,1.82,1.87,9715200
1.86,1.89,1.84,1.87,11620800
1.89,1.89,1.84,1.86,6374400
1.85,1.86,1.76,1.78,10281600
1.82,1.86,1.81,1.84,8827200
1.78,1.85,1.74,1.84,11404800
1.83,1.87,1.81,1.86,7200000
1.88,1.95,1.88,1.94,3556800
1.96,1.99,1.95,1.95,6052800
1.97,1.99,1.94,1.96,5995200
1.97,1.99,1.94,1.98,3681600
2.03,2.08,2.02,2.07,3360000
2.07,2.1,2.07,2.08,3168000
2.07,2.15,2.07,2.12,5803200
2.12,2.18,2.12,2.17,5011200
2.16,2.19,2.14,2.19,6739200
2.22,2.22,2.17,2.2,4516800
2.18,2.2,2.14,2.18,5299200
2.2,2.23,2.18,2.22,5822400
2.23,2.27,2.22,2.24,4977600
2.25,2.27,2.23,2.26,6523200
2.22,2.29,2.2,2.22,5006400
2.2,2.31,2.19,2.28,7348800
2.3,2.33,2.26,2.33,6916800
2.31,2.32,2.28,2.3,11155200
2.35,2.38,2.28,2.28,11740800
2.31,2.34,2.26,2.29,10536000
2.33,2.35,2.31,2.32,4756800
2.34,2.37,2.3,2.35,4987200
2.32,2.35,2.3,2.32,7444800
2.34,2.39,2.26,2.31,14577600
2.33,2.39,2.31,2.38,8448000
2.36,2.42,2.35,2.4,7339200
2.39,2.42,2.34,2.38,13281600
2.36,2.41,2.32,2.39,8707200
2.4,2.44,2.38,2.44,7262400
2.44,2.46,2.43,2.45,6100800
2.44,2.49,2.42,2.48,8404800
2.52,2.57,2.51,2.57,7636800
2.57,2.61,2.57,2.6,5721600
2.58,2.6,2.46,2.51,16185600
2.49,2.53,2.42,2.51,14092800
2.55,2.56,2.5,2.55,7012800
2.6,2.61,2.54,2.59,10497600
2.51,2.64,2.47,2.63,15355200
2.63,2.67,2.6,2.66,10296000
2.66,2.68,2.63,2.64,10065600
2.62,2.65,2.46,2.48,16718400
2.52,2.52,2.43,2.49,15633600
2.52,2.63,2.52,2.61,10593600
2.61,2.62,2.45,2.46,11064000
2.49,2.6,2.49,2.56,6576000
2.46,2.46,2.28,2.33,17155200
2.26,2.34,2.22,2.29,17313600
2.25,2.31,1.42,2.07,27225600
2.02,2.09,1.79,1.92,31032000
2.16,2.21,2.15,2.21,23659200
2.14,2.29,2.13,2.2,18379200
2.23,2.33,2.23,2.32,13569600
2.3,2.35,2.2,2.22,13195200
2.16,2.17,2.01,2.08,19272000
2.1,2.13,1.98,2.11,17107200
2.16,2.17,1.99,2.03,23827200
1.99,2.04,1.9,1.98,29721600
1.86,1.87,1.74,1.78,34123200
1.67,1.84,1.65,1.79,29289600
1.8,1.87,1.78,1.8,19377600
1.67,1.8,1.62,1.79,21580800
1.82,1.89,1.72,1.74,26040000
1.85,1.93,1.84,1.92,21652800
1.94,1.94,1.84,1.9,20836800
1.88,1.97,1.83,1.84,25339200
1.88,1.97,1.84,1.97,14179200
1.99,2.04,1.95,2.03,14356800
1.9,1.97,1.8,1.83,30744000
1.84,1.86,1.72,1.72,21091200
1.73,1.74,1.64,1.71,33240000
1.74,1.79,1.65,1.67,28680000
1.73,1.81,1.72,1.81,19440000
1.75,1.87,1.75,1.86,15667200
1.91,1.95,1.85,1.86,28425600
1.89,2.02,1.88,2.0,25012800
1.99,2.06,1.98,2.04,19795200
2.07,2.07,2.0,2.06,20380800
2.07,2.1,2.04,2.06,17448000
2.14,2.15,1.97,2.01,27489600
2.03,2.07,1.95,1.96,22449600
1.97,1.99,1.89,1.93,28089600
1.91,1.93,1.83,1.84,29928000
1.86,1.88,1.8,1.84,22195200
1.84,1.87,1.78,1.82,20520000
1.74,1.74,1.57,1.62,54777600
1.59,1.64,1.53,1.54,22958400
1.55,1.56,1.43,1.52,31540800
1.53,1.55,1.47,1.52,18422400
1.57,1.6,1.49,1.52,19569600
1.54,1.67,1.53,1.67,20097600
1.71,1.71,1.64,1.7,25920000
1.69,1.75,1.68,1.74,17832000
1.74,1.79,1.73,1.76,12364800
1.8,1.85,1.76,1.82,21768000
1.84,1.88,1.81,1.85,13689600
1.84,1.87,1.78,1.86,14275200
1.84,1.84,1.7,1.71,22670400
1.72,1.76,1.68,1.75,15528000
1.66,1.81,1.65,1.8,15993600
1.87,1.87,1.73,1.74,21561600
1.81,1.89,1.81,1.86,15806400
1.83,1.91,1.82,1.91,17356800
1.91,1.95,1.89,1.95,12595200
1.98,1.98,1.92,1.95,14961600
1.94,1.97,1.88,1.91,9696000
1.93,1.95,1.8,1.86,19094400
1.81,1.9,1.78,1.87,16228800
1.94,1.99,1.92,1.98,11270400
1.97,1.98,1.92,1.95,8001600
1.98,2.02,1.95,2.01,10113600
1.98,2.01,1.96,2.0,8308800
1.93,2.0,1.9,1.99,19094400
2.02,2.04,1.99,2.02,10704000
1.98,2.01,1.93,1.98,19752000
1.88,1.88,1.79,1.82,19363200
1.71,1.79,1.7,1.77,18240000
1.75,1.77,1.73,1.73,7243200
1.71,1.78,1.68,1.74,11928000
1.78,1.85,1.77,1.81,15009600
1.8,1.86,1.78,1.82,8894400
1.8,1.82,1.71,1.76,12801600
1.74,1.76,1.71,1.75,11073600
1.79,1.8,1.7,1.7,13526400
1.65,1.66,1.59,1.61,18100800
1.57,1.67,1.57,1.65,18019200
1.67,1.68,1.59,1.6,16622400
1.63,1.66,1.53,1.65,24057600
1.63,1.67,1.6,1.6,13142400
1.58,1.62,1.55,1.59,19555200
1.65,1.74,1.65,1.72,16204800
1.73,1.78,1.72,1.78,6787200
1.84,1.87,1.82,1.87,16910400
1.85,1.87,1.82,1.83,12172800
1.85,1.92,1.85,1.89,14236800
1.95,1.96,1.91,1.92,11294400
1.93,1.95,1.9,1.94,7992000
1.99,2.04,1.99,2.02,10464000
2.01,2.08,2.0,2.05,10593600
2.03,2.09,2.02,2.08,8457600
2.08,2.12,2.06,2.11,11721600
2.16,2.16,2.1,2.14,14352000
2.16,2.26,2.15,2.25,13195200
2.25,2.29,2.22,2.24,21734400
2.21,2.27,2.19,2.23,12072000
2.18,2.29,2.18,2.22,17136000
2.3,2.36,2.29,2.35,15816000
2.36,2.37,2.31,2.32,12139200
2.34,2.34,2.21,2.33,18278400
2.31,2.34,2.28,2.31,7982400
2.34,2.38,2.23,2.28,22185600
2.33,2.34,2.24,2.27,14630400
2.25,2.27,2.16,2.19,15480000
2.27,2.37,2.27,2.35,13723200
2.34,2.36,2.25,2.29,11064000
2.33,2.34,2.26,2.32,9868800
2.32,2.38,2.27,2.36,8568000
2.37,2.4,2.35,2.37,4766400
2.35,2.43,2.3,2.42,12216000
2.46,2.51,2.44,2.48,12105600
2.48,2.49,2.42,2.46,9969600
2.55,2.62,2.49,2.62,14947200
2.62,2.65,2.59,2.62,10872000
2.52,2.58,2.45,2.52,15912000
2.54,2.62,2.52,2.57,11683200
2.62,2.65,2.51,2.59,13713600
2.59,2.64,2.58,2.64,7339200
2.67,2.72,2.67,2.68,9648000
2.63,2.71,2.6,2.69,9355200
2.66,2.73,2.64,2.72,14107200
2.76,2.76,2.67,2.74,13473600
2.73,2.77,2.72,2.72,10094400
2.75,2.81,2.69,2.73,10651200
2.79,2.83,2.78,2.81,8515200
2.83,2.85,2.75,2.85,14395200
2.95,2.99,2.93,2.95,13982400
2.96,2.97,2.93,2.96,14246400
2.94,2.98,2.92,2.96,12931200
3.01,3.02,2.88,2.92,15235200
2.93,2.97,2.86,2.96,11496000
2.82,2.92,2.79,2.91,15230400
2.86,2.9,2.7,2.76,27283200
2.81,2.82,2.73,2.73,14899200
2.67,2.72,2.57,2.6,22704000
2.6,2.66,2.58,2.62,13896000
2.71,2.8,2.7,2.74,17342400
2.73,2.77,2.7,2.75,11678400
2.72,2.82,2.71,2.82,18432000
2.74,2.75,2.64,2.69,23232000
2.77,2.87,2.76,2.85,16185600
2.8,2.85,2.78,2.83,7459200
2.78,2.81,2.69,2.79,22065600
2.7,2.74,2.65,2.68,25089600
2.81,2.9,2.8,2.85,25857600
2.87,2.95,2.86,2.94,16516800
2.91,2.97,2.9,2.97,21931200
2.97,2.98,2.94,2.96,12384000
3.07,3.07,2.96,2.96,20553600
2.99,3.01,2.93,3.0,11678400
3.05,3.05,2.98,3.01,12484800
3.03,3.08,3.0,3.07,11025600
3.11,3.11,3.03,3.03,10094400
3.06,3.09,3.02,3.05,9609600
3.04,3.1,2.99,3.02,11947200
3.02,3.09,3.0,3.08,10766400
3.09,3.11,3.07,3.09,7651200
3.1,3.13,3.03,3.1,15768000
3.13,3.15,3.11,3.15,4200000
3.15,3.16,3.13,3.15,5400000
3.13,3.15,3.11,3.13,4608000
3.1,3.15,3.04,3.13,8020800
3.15,3.15,3.09,3.11,7934400
3.14,3.15,3.12,3.13,5683200
3.13,3.13,3.09,3.11,3595200
3.1,3.1,3.04,3.08,6091200
3.16,3.28,3.16,3.22,16689600
3.26,3.26,3.15,3.21,16440000
3.18,3.3,3.18,3.29,15360000
3.31,3.33,3.29,3.32,13065600
3.34,3.35,3.22,3.32,19051200
3.29,3.37,3.27,3.35,10756800
3.39,3.4,3.34,3.37,13742400
3.42,3.44,3.38,3.44,16761600
3.45,3.47,3.42,3.45,16430400
3.45,3.52,3.42,3.52,7660800
3.43,3.56,3.43,3.55,17265600
3.57,3.57,3.4,3.43,18744000
3.39,3.4,3.28,3.36,23683200
3.4,3.42,3.28,3.28,13104000
3.3,3.42,3.28,3.41,10804800
3.37,3.43,3.34,3.43,11980800
3.45,3.51,3.42,3.48,12422400
3.52,3.58,3.5,3.55,13920000
3.55,3.55,3.23,3.28,31819200
3.29,3.35,3.22,3.33,19996800
3.4,3.54,3.39,3.51,25430400
3.49,3.53,3.47,3.5,11515200
3.48,3.53,3.39,3.51,16444800
3.52,3.58,3.49,3.57,16992000
3.6,3.68,3.58,3.63,12974400
3.63,3.7,3.61,3.7,16747200
3.68,3.71,3.64,3.68,16300800
3.62,3.71,3.59,3.7,17760000
3.66,3.78,3.65,3.77,11817600
3.77,3.82,3.76,3.8,7454400
3.78,3.8,3.73,3.79,11654400
3.82,3.89,3.81,3.86,17640000
3.8,3.88,3.79,3.85,10843200
3.86,3.87,3.79,3.83,16022400
3.68,3.71,3.48,3.49,30230400
3.49,3.53,3.33,3.41,24283200
3.43,3.49,3.33,3.46,40065600
3.52,3.62,3.51,3.61,13543200
3.65,3.68,3.57,3.63,13039200
3.68,3.68,3.43,3.46,15362400
3.45,3.58,3.45,3.51,14263200
3.61,3.73,3.61,3.71,16603200
3.72,3.72,3.59,3.66,13677600
3.71,3.71,3.42,3.51,17196000
3.49,3.6,3.44,3.55,16096800
3.52,3.53,3.43,3.48,12132000
3.36,3.39,3.28,3.32,21861600
3.26,3.4,3.26,3.38,12818400
3.32,3.4,3.27,3.34,9864000
3.05,3.26,3.01,3.21,23481600
3.13,3.17,2.91,2.97,27096000
3.11,3.15,3.05,3.05,14560800
3.15,3.16,3.03,3.03,14839200
3.16,3.25,3.15,3.2,11906400
3.22,3.22,3.17,3.19,8044800
3.15,3.27,3.09,3.24,13068000
3.32,3.44,3.26,3.42,16332000
3.45,3.51,3.43,3.44,18537600
3.49,3.49,3.38,3.38,11104800
3.36,3.48,3.33,3.48,8412000
3.53,3.54,3.49,3.53,8443200
3.52,3.56,3.5,3.55,7053600
3.6,3.63,3.52,3.55,9444000
3.58,3.59,3.47,3.52,7802400
3.49,3.55,3.47,3.48,6741600
3.56,3.6,3.45,3.51,8299200
3.51,3.57,3.43,3.51,8992800
3.55,3.57,3.4,3.45,6307200
3.49,3.52,3.39,3.42,7010400
3.37,3.4,3.31,3.35,8320800
3.43,3.46,3.35,3.43,8856000
3.36,3.43,3.32,3.41,8484000
3.38,3.44,3.33,3.39,18710400
3.29,3.33,3.16,3.33,15720000
3.35,3.39,3.3,3.39,13416000
3.57,3.63,3.55,3.61,16394400
3.73,3.73,3.67,3.7,8121600
3.72,3.74,3.69,3.73,5668800
3.76,3.83,3.74,3.8,5599200
3.81,3.88,3.77,3.88,7833600
3.84,3.87,3.81,3.87,8253600
3.84,3.88,3.82,3.85,6552000
3.87,3.89,3.8,3.83,6734400
3.82,3.83,3.7,3.77,6525600
3.77,3.8,3.66,3.75,10243200
3.69,3.82,3.65,3.69,11968800
3.81,3.87,3.7,3.73,9604800
3.74,3.81,3.7,3.77,5234400
3.8,3.88,3.78,3.86,6919200
3.85,3.89,3.7,3.78,8088000
3.74,3.86,3.68,3.85,7536000
3.82,3.84,3.71,3.71,9256800
3.66,3.69,3.49,3.52,9964800
3.46,3.55,3.44,3.55,11217600
3.53,3.65,3.52,3.63,5320800
3.67,3.69,3.6,3.66,6578400
3.65,3.66,3.57,3.58,5457600
3.44,3.46,3.38,3.43,9679200
3.45,3.45,3.36,3.36,8491200
3.35,3.45,3.34,3.4,6739200
3.37,3.49,3.37,3.46,5892000
3.48,3.53,3.47,3.52,4382400
3.62,3.68,3.56,3.68,6914400
3.66,3.68,3.44,3.45,11544000
3.46,3.5,3.41,3.47,5848800
3.35,3.42,3.3,3.31,10173600
3.3,3.34,3.23,3.23,6684000
3.26,3.29,3.21,3.21,6981600
3.19,3.21,3.12,3.14,11690400
3.14,3.2,3.12,3.16,5508000
3.11,3.14,3.01,3.01,6962400
3.03,3.06,2.98,3.01,7372800
3.08,3.15,3.08,3.13,7315200
3.04,3.1,2.94,2.96,11167200
2.96,2.99,2.84,2.91,10646400
3.0,3.01,2.87,2.89,11246400
2.86,2.96,2.86,2.93,5901600
2.97,3.13,2.93,3.13,9285600
3.09,3.14,3.05,3.06,7776000
2.96,3.14,2.93,3.14,14481600
3.09,3.1,2.96,2.98,11755200
2.99,3.16,2.97,3.12,9295200
3.14,3.26,3.13,3.26,7209600
3.29,3.32,3.23,3.3,8551200
3.34,3.44,3.33,3.43,11304000
3.44,3.6,3.41,3.59,9590400
3.6,3.65,3.57,3.64,9160800
3.63,3.69,3.59,3.68,9979200
3.76,3.86,3.74,3.82,13387200
3.73,3.79,3.67,3.79,18254400
3.68,3.73,3.55,3.59,16927200
3.58,3.61,3.5,3.5,12580800
3.58,3.65,3.51,3.55,14349600
3.58,3.63,3.39,3.43,15429600
3.54,3.56,3.47,3.56,12050400
3.51,3.55,3.4,3.5,10586400
3.61,3.76,3.61,3.75,18108000
3.81,3.81,3.68,3.7,13384800
3.71,3.83,3.65,3.77,16401600
3.77,3.91,3.76,3.89,11433600
3.79,3.93,3.78,3.87,10012800
3.85,3.94,3.84,3.89,12919200
3.82,3.83,3.57,3.59,18007200
3.6,3.75,3.56,3.61,15424800
3.52,3.69,3.47,3.58,18717600
3.71,3.73,3.4,3.53,24667200
3.48,3.52,3.25,3.26,22125600
3.27,3.36,3.1,3.35,21948000
3.21,3.22,2.89,2.89,36513600
2.99,3.02,2.59,2.83,39729600
2.58,2.72,2.33,2.33,48182400
2.42,2.66,2.23,2.65,53232000
2.47,2.59,2.32,2.34,40447200
2.43,2.72,2.4,2.64,35793600
2.7,2.75,2.6,2.7,31286400
2.74,2.82,2.7,2.82,18936000
2.74,2.82,2.64,2.75,18830400
2.77,2.83,2.62,2.7,26529600
2.48,2.48,2.24,2.31,41090400
2.23,2.4,2.17,2.18,35916000
2.34,2.34,2.18,2.2,27057600
2.25,2.48,2.22,2.47,35767200
2.46,2.55,2.39,2.53,24645600
2.53,2.56,2.38,2.41,19072800
2.39,2.61,2.32,2.59,27801600
2.67,2.81,2.67,2.81,28308000
2.78,2.91,2.73,2.86,28617600
2.91,2.98,2.8,2.88,32056800
2.9,2.96,2.78,2.8,24729600
2.64,2.68,2.56,2.6,19267200
2.42,2.61,2.4,2.6,21256800
2.71,2.8,2.69,2.8,20011200
2.75,2.88,2.73,2.76,24880800
2.71,2.74,2.53,2.58,25956000
2.49,2.68,2.49,2.67,29964000
2.7,2.8,2.67,2.78,35030400
2.83,3.0,2.74,2.9,29203200
3.0,3.04,2.91,3.03,29421600
3.05,3.12,3.03,3.11,30777600
3.0,3.16,2.92,3.12,30931200
3.16,3.24,3.05,3.07,29894400
3.12,3.17,2.91,2.92,29306400
2.69,2.77,2.5,2.63,41932800
2.57,2.75,2.56,2.71,32688000
2.76,2.82,2.58,2.81,30873600
2.95,3.03,2.84,2.89,32378400
2.93,2.99,2.75,2.76,33648000
2.9,2.9,2.53,2.67,42069600
2.57,2.63,2.46,2.47,35932800
2.4,2.51,2.27,2.27,51331200
2.2,2.43,2.14,2.41,86160000
2.39,2.62,2.34,2.6,65071200
2.59,2.73,2.55,2.73,57057600
2.72,2.76,2.62,2.67,36045600
2.81,2.95,2.8,2.95,27120000
2.93,3.03,2.91,3.01,25118400
3.1,3.16,3.05,3.06,32368800
3.04,3.15,3.03,3.14,23395200
3.26,3.31,3.2,3.31,23935200
3.27,3.3,3.11,3.16,136792800
3.15,3.33,3.06,3.27,35724000
3.23,3.25,3.06,3.09,30280800
3.08,3.09,2.91,3.05,25396800
3.14,3.21,3.07,3.15,23553600
3.19,3.38,3.18,3.35,24669600
3.32,3.32,3.13,3.16,25094400
3.21,3.23,2.97,3.15,47961600
3.37,3.46,3.27,3.4,41316000
3.34,3.43,3.34,3.41,15895200
3.32,3.36,3.24,3.24,19747200
3.01,3.08,2.94,2.99,49108800
3.08,3.1,2.98,3.07,30456000
3.14,3.27,3.03,3.25,35695200
3.21,3.25,3.11,3.2,19790400
3.2,3.28,3.1,3.27,27885600
3.34,3.4,3.23,3.38,25737600
3.19,3.2,3.01,3.03,27768000
3.12,3.13,2.94,3.02,22243200
3.11,3.22,3.09,3.19,21441600
3.17,3.22,3.1,3.14,14140800
3.11,3.28,3.1,3.24,27513600
3.17,3.24,3.06,3.08,30261600
3.06,3.06,2.81,2.87,55740000
2.87,2.88,2.78,2.8,29524800
2.69,2.69,2.55,2.63,34044000
2.61,2.69,2.57,2.66,40082400
2.6,2.61,2.48,2.48,38784000
2.45,2.54,2.42,2.42,15444000
2.6,2.69,2.6,2.68,32844000
2.67,2.73,2.61,2.63,29304000
2.84,2.93,2.82,2.92,30307200
2.92,3.0,2.91,2.98,22934400
3.07,3.07,2.95,2.95,16135200
3.09,3.11,3.0,3.05,23644800
3.06,3.08,3.0,3.02,17503200
3.0,3.07,2.91,3.03,19260000
2.97,3.04,2.86,2.87,32474400
2.9,3.04,2.89,3.01,24530400
2.92,2.92,2.83,2.91,26822400
2.97,3.0,2.78,2.81,28948800
2.78,2.79,2.63,2.68,51242400
2.76,2.76,2.65,2.66,38368800
2.7,2.81,2.69,2.69,35116800
2.73,2.75,2.6,2.62,24912000
2.74,2.86,2.74,2.85,33463200
2.8,2.8,2.63,2.73,42964800
2.74,2.8,2.74,2.8,25118400
2.82,2.87,2.8,2.87,13864800
2.86,2.92,2.85,2.89,17472000
2.89,2.9,2.77,2.8,25036800
2.81,2.86,2.79,2.86,16929600
2.84,2.88,2.83,2.83,14452800
2.99,3.04,2.97,2.99,25341600
2.98,3.04,2.94,3.03,14961600
3.01,3.11,2.98,3.1,17349600
3.11,3.16,3.07,3.14,25936800
3.16,3.17,3.08,3.11,19243200
3.21,3.24,3.15,3.17,19663200
3.17,3.22,3.14,3.2,17155200
3.22,3.25,3.15,3.23,19291200
3.18,3.2,3.12,3.2,19394400
3.29,3.33,3.25,3.28,16128000
3.31,3.42,3.29,3.41,26728800
3.46,3.5,3.45,3.48,28348800
3.43,3.47,3.43,3.47,10022400
3.47,3.54,3.41,3.47,17208000
3.42,3.48,3.4,3.45,11949600
3.56,3.6,3.48,3.58,25315200
3.62,3.64,3.49,3.54,23385600
3.52,3.59,3.51,3.58,21105600
3.48,3.6,3.44,3.58,21084000
3.63,3.65,3.53,3.59,24775200
3.66,3.72,3.62,3.68,21967200
3.72,3.75,3.67,3.72,18148800
3.82,3.88,3.8,3.87,19380000
3.82,3.86,3.8,3.86,16353600
3.85,3.91,3.8,3.88,16272000
3.89,3.95,3.84,3.95,19360800
3.99,4.05,3.92,4.03,19068000
3.95,3.98,3.91,3.95,24350400
4.03,4.07,3.98,4.05,19900800
4.03,4.09,3.99,4.09,21734400
4.15,4.21,3.98,4.0,47983200
4.01,4.18,3.98,4.16,31533600
4.17,4.18,4.07,4.13,20241600
4.14,4.22,4.09,4.16,20546400
4.14,4.17,4.09,4.11,15672000
4.12,4.2,4.06,4.19,26268000
4.22,4.25,4.2,4.23,16821600
4.16,4.29,4.11,4.25,23102400
4.26,4.38,4.24,4.38,23997600
4.39,4.43,4.28,4.32,33261600
4.37,4.43,4.33,4.42,29330400
4.41,4.45,4.37,4.41,20781600
4.4,4.42,4.23,4.27,30556800
4.15,4.18,4.08,4.15,26944800
4.21,4.27,4.19,4.24,23404800
4.32,4.42,4.29,4.38,15595200
4.4,4.46,4.39,4.43,19368000
4.43,4.45,4.37,4.44,18938400
4.52,4.69,4.49,4.69,23932800
4.7,4.79,4.65,4.74,30381600
4.78,4.81,4.71,4.78,24602400
4.8,4.8,4.73,4.77,17287200
4.79,4.9,4.76,4.87,23995200
4.8,4.91,4.76,4.9,23049600
4.9,4.98,4.88,4.89,19572000
4.81,4.9,4.8,4.87,26652000
4.88,4.89,4.78,4.86,19687200
4.95,5.11,4.94,5.11,19819200
5.12,5.2,5.12,5.13,22406400
5.14,5.2,4.98,5.07,23796000
5.0,5.07,4.91,5.02,21537600
5.08,5.09,4.93,4.99,15806400
4.97,5.16,4.95,5.14,15681600
5.16,5.21,5.05,5.14,20937600
5.02,5.03,4.84,4.93,25644000
4.9,5.03,4.89,5.02,19332000
4.83,4.97,4.8,4.9,17988000
4.89,4.95,4.62,4.67,36679200
4.8,4.83,4.7,4.73,21100800
4.76,4.91,4.74,4.89,22286400
4.84,4.85,4.67,4.67,22915200
4.75,4.75,4.47,4.52,25060800
4.58,4.83,4.55,4.79,23656800
4.75,4.84,4.71,4.76,16036800
4.71,4.88,4.54,4.6,24900000
4.67,4.73,4.54,4.55,21379200
4.43,4.45,4.31,4.44,17517600
4.41,4.46,4.3,4.36,16212000
4.63,4.71,4.61,4.71,19051200
4.7,4.82,4.69,4.79,17810400
4.85,4.92,4.77,4.87,13116000
4.83,4.86,4.76,4.77,12021600
4.74,4.95,4.74,4.8,13084800
4.72,4.85,4.69,4.83,9648000
4.85,4.86,4.65,4.68,12568800
4.55,4.57,4.33,4.34,22771200
4.25,4.41,4.25,4.34,26380800
4.26,4.34,4.09,4.29,34560000
4.15,4.32,4.09,4.27,33691200
4.31,4.32,4.18,4.23,50767200
4.18,4.36,4.17,4.22,12021600
4.12,4.21,4.09,4.11,20550000
4.15,4.24,4.05,4.07,18909600
4.11,4.15,3.96,3.98,18574800
3.99,4.01,3.73,3.74,32580000
3.77,3.8,3.58,3.59,35240400
3.61,3.9,3.6,3.89,25801200
3.92,3.97,3.79,3.87,24154800
3.78,3.93,3.68,3.9,20244000
3.92,3.93,3.73,3.83,19350000
3.83,3.85,3.77,3.8,7812000
3.91,4.0,3.85,3.95,17670000
3.84,3.89,3.78,3.85,15577200
3.84,3.87,3.71,3.8,20760000
3.6,3.66,3.49,3.5,28042800
3.53,3.59,3.43,3.57,28543200
3.54,3.64,3.53,3.62,24560400
3.7,3.88,3.69,3.87,21465600
3.98,3.99,3.81,3.83,21426000
3.8,3.95,3.77,3.94,15798000
4.02,4.03,3.73,3.75,22724400
3.78,3.87,3.71,3.87,16874400
3.84,3.92,3.75,3.79,12124800
3.79,3.88,3.73,3.83,16426800
3.86,3.99,3.86,3.98,21094800
3.93,4.11,3.91,4.08,22083600
4.15,4.26,4.14,4.21,20314800
4.24,4.28,4.13,4.23,24303600
4.21,4.23,3.89,3.91,19473600
3.94,4.05,3.92,4.03,17505600
3.93,3.93,3.76,3.79,16770000
3.83,3.9,3.78,3.87,17085600
3.91,3.99,3.9,3.94,14623200
3.85,3.86,3.68,3.8,26148000
4.03,4.17,3.99,4.17,30824400
4.18,4.21,4.11,4.2,15638400
4.21,4.31,4.19,4.3,11618400
4.3,4.38,4.23,4.32,14820000
4.26,4.26,4.06,4.14,18156000
4.14,4.18,4.07,4.13,12015600
4.2,4.23,3.96,4.0,21583200
4.0,4.03,3.85,3.95,27636000
3.85,3.88,3.73,3.84,26919600
3.86,4.03,3.86,4.0,17640000
3.98,4.03,3.92,3.97,13592400
4.04,4.07,3.86,4.03,21700800
4.01,4.23,4.01,4.2,23430000
4.29,4.38,4.26,4.33,27031200
4.34,4.34,4.16,4.17,20590800
3.92,4.06,3.83,4.01,27723600
4.03,4.05,3.84,3.92,31524000
3.83,3.91,3.77,3.83,24584400
4.01,4.06,3.92,3.98,28878000
4.08,4.29,4.04,4.28,33913200
4.31,4.36,4.22,4.26,22904400
4.28,4.33,4.25,4.26,16593600
4.35,4.35,4.18,4.22,18865200
4.12,4.3,4.08,4.18,20728800
4.38,4.5,4.33,4.41,24385200
4.49,4.57,4.46,4.51,15951600
4.58,4.68,4.55,4.62,17575200
4.59,4.65,4.57,4.62,10741200
4.62,4.68,4.59,4.66,9687600
4.62,4.68,4.58,4.68,11668800
4.67,4.7,4.6,4.7,8988000
4.76,4.78,4.67,4.71,13770000
4.7,4.76,4.7,4.74,8956800
4.8,4.95,4.78,4.91,17377200
4.95,4.98,4.91,4.98,14200800
4.97,5.0,4.91,5.0,11488800
5.05,5.1,4.88,4.94,27278400
4.91,5.03,4.87,5.0,14218800
4.94,4.98,4.84,4.89,13705200
4.84,5.01,4.82,4.97,13029600
5.04,5.05,4.96,5.0,9422400
4.98,5.03,4.93,4.99,10957200
5.0,5.03,4.93,5.0,9217200
4.93,4.93,4.82,4.84,15534000
4.95,5.0,4.79,4.95,21102000
4.92,4.98,4.78,4.93,18703200
4.92,4.98,4.87,4.9,12603600
5.0,5.24,5.0,5.23,19332000
5.2,5.24,5.17,5.21,13708800
5.17,5.2,5.0,5.01,18825600
5.01,5.07,4.97,4.99,17544000
5.04,5.07,4.94,5.04,19236000
5.05,5.3,5.03,5.24,29202000
5.3,5.43,5.29,5.37,35797200
5.39,5.39,5.32,5.38,19040400
5.34,5.4,5.34,5.39,12592800
5.4,5.47,5.35,5.43,17190000
5.35,5.42,5.31,5.41,18115200
5.49,5.5,5.4,5.41,18132000
5.28,5.35,5.25,5.31,17484000
5.36,5.4,5.09,5.1,19143600
5.07,5.08,4.89,4.97,30600000
5.0,5.21,4.98,5.18,22905600
5.12,5.17,5.03,5.05,19747200
5.12,5.21,4.98,5.03,19562400
5.09,5.14,4.95,5.06,20630400
5.11,5.19,5.05,5.16,19977600
5.2,5.26,5.14,5.22,19042800
5.3,5.32,5.09,5.13,14566800
5.05,5.08,4.96,4.99,13105200
4.95,4.95,4.72,4.74,22773600
4.75,4.79,4.66,4.68,19476000
4.79,4.8,4.63,4.64,17799600
4.64,4.71,4.61,4.64,13647600
4.69,4.75,4.6,4.73,14541600
4.76,4.95,4.75,4.94,17842800
4.86,4.97,4.84,4.92,16675200
4.88,4.92,4.7,4.75,21690000
4.74,4.74,4.4,4.41,35664000
4.4,4.51,4.38,4.48,26391600
4.37,4.47,4.31,4.35,35254800
4.43,4.45,4.29,4.3,25881600
4.4,4.41,4.27,4.3,29203200
4.31,4.39,4.2,4.35,24024000
4.33,4.35,4.22,4.26,18525600
4.34,4.47,4.31,4.44,22965600
4.5,4.51,4.28,4.28,22928400
4.31,4.41,4.28,4.39,18794400
4.41,4.5,4.36,4.41,22822800
4.27,4.28,4.04,4.1,47966400
4.12,4.16,3.9,3.9,38809200
3.91,4.08,3.9,3.95,54574800
4.02,4.03,3.92,3.95,20552400
3.86,3.98,3.83,3.87,43216800
3.92,3.94,3.71,3.73,36868800
3.74,3.78,3.65,3.7,38799600
3.7,3.77,3.57,3.74,46576800
3.86,4.02,3.86,4.01,43197600
4.01,4.03,3.9,4.01,27308400
4.02,4.05,3.97,4.04,20095200
4.11,4.22,4.1,4.22,16165200
4.19,4.28,4.15,4.28,24618000
4.27,4.32,4.21,4.23,44973600
4.17,4.35,4.09,4.34,35125200
4.41,4.46,4.35,4.41,31147200
4.42,4.43,4.36,4.4,28558800
4.5,4.51,4.36,4.38,42103200
4.38,4.39,4.28,4.35,42093600
4.34,4.34,4.14,4.22,54577200
4.18,4.33,4.14,4.29,38281200
4.36,4.37,4.18,4.22,30093600
4.19,4.32,4.18,4.26,26305200
4.35,4.49,4.34,4.42,43122000
4.49,4.49,4.36,4.39,37654800
4.37,4.46,4.23,4.29,42314400
4.21,4.24,4.12,4.17,34266000
4.18,4.34,4.16,4.33,24152400
4.4,4.55,4.36,4.53,57040800
4.57,4.57,4.47,4.47,45160800
4.5,4.5,4.41,4.47,36447600
4.27,4.35,4.21,4.33,42078000
4.31,4.32,4.28,4.3,6553200
4.31,4.33,4.15,4.19,19820400
4.2,4.22,4.02,4.17,38518800
4.09,4.18,4.05,4.05,20535600
4.03,4.34,4.01,4.31,52881600
4.62,4.72,4.58,4.72,44340000
4.72,4.75,4.6,4.65,38841600
4.65,4.65,4.57,4.6,19026000
4.56,4.62,4.52,4.61,22852800
4.6,4.64,4.51,4.58,21879600
4.6,4.66,4.59,4.63,19249200
4.72,4.73,4.58,4.71,29444400
4.7,4.74,4.68,4.73,13257600
4.65,4.7,4.61,4.67,18421200
4.6,4.62,4.54,4.6,27105600
4.62,4.7,4.59,4.65,19027200
4.71,4.77,4.69,4.72,28827600
4.67,4.7,4.62,4.69,25755600
4.71,4.72,4.62,4.71,31570800
4.79,4.84,4.77,4.79,28135200
4.6,4.73,4.58,4.6,30765600
4.65,4.71,4.62,4.67,21301200
4.67,4.75,4.65,4.7,31198800
4.68,4.73,4.59,4.7,26736000
4.73,4.77,4.64,4.67,19894800
4.67,4.74,4.63,4.64,25429200
4.74,4.83,4.68,4.8,35758800
4.72,4.76,4.55,4.55,34278000
4.61,4.8,4.58,4.75,35011200
4.7,4.77,4.67,4.71,31371600
4.72,4.74,4.57,4.72,27321600
4.8,4.89,4.78,4.86,25489200
4.87,4.88,4.82,4.86,13882800
4.85,4.88,4.8,4.8,16192800
4.85,4.91,4.82,4.86,23350800
4.79,4.88,4.78,4.85,17125200
4.86,4.89,4.77,4.81,14824800
4.84,4.92,4.84,4.91,15912000
4.91,4.92,4.69,4.69,20494800
4.64,4.65,4.49,4.54,33160800
4.62,4.67,4.57,4.67,16545600
4.77,4.81,4.49,4.5,30075600
4.52,4.58,4.43,4.55,21057600
4.56,4.77,4.53,4.69,21384000
4.69,4.79,4.67,4.67,20439600
4.61,4.74,4.55,4.72,15402000
4.67,4.78,4.66,4.78,18871200
4.87,5.01,4.87,4.99,28510800
5.04,5.05,4.94,4.96,25952400
4.97,5.02,4.95,5.0,13785600
5.05,5.07,4.96,5.01,21214800
5.0,5.06,4.95,5.06,15484800
5.01,5.05,4.93,5.0,22263600
5.02,5.04,4.93,4.98,20104800
5.04,5.06,5.0,5.03,19292400
5.04,5.05,4.95,4.99,19986000
4.86,5.02,4.82,4.95,26842800
5.0,5.03,4.8,4.93,35937600
5.03,5.06,4.96,5.03,19185600
4.9,4.93,4.83,4.86,26842800
4.92,5.01,4.91,5.0,17845200
5.05,5.08,4.88,4.95,28616400
5.01,5.03,4.97,5.02,15478800
4.93,5.06,4.9,5.05,23974800
5.05,5.1,5.01,5.08,33337200
5.1,5.11,4.94,4.98,31203600
5.05,5.14,5.04,5.09,42222000
5.11,5.12,4.92,4.96,22150800
4.95,5.0,4.88,4.96,23742000
4.73,4.86,4.69,4.84,42285600
4.84,4.92,4.8,4.91,27950400
4.95,5.07,4.89,5.01,41577600
5.06,5.33,5.06,5.3,22806000
5.27,5.34,5.25,5.3,20944800
5.26,5.3,5.17,5.29,27324000
5.22,5.25,4.96,4.97,25480800
5.07,5.19,5.03,5.18,24214800
5.04,5.04,4.78,4.87,39452400
4.91,4.91,4.61,4.66,31708800
4.7,4.89,4.67,4.86,22876800
4.91,5.06,4.86,5.0,20136000
5.1,5.2,5.01,5.15,34120800
5.11,5.2,5.08,5.14,28022400
5.19,5.28,5.18,5.22,24063600
5.19,5.22,5.11,5.18,11485200
5.22,5.38,5.22,5.32,17137200
5.34,5.44,5.28,5.43,15487200
5.43,5.46,5.33,5.36,16086000
5.38,5.59,5.37,5.56,12189600
5.72,5.81,5.71,5.75,16749600
5.78,5.85,5.77,5.83,12126000
5.85,5.87,5.75,5.81,13034400
5.8,5.91,5.78,5.9,10663200
5.86,5.99,5.84,5.88,13864800
5.91,5.99,5.88,5.98,15878400
5.95,6.05,5.93,6.01,16660800
6.0,6.15,6.0,6.09,16740000
6.07,6.15,6.02,6.14,16420800
6.15,6.24,6.1,6.12,19425600
6.2,6.3,6.15,6.29,18750000
6.24,6.32,6.18,6.26,18920400
6.26,6.35,6.19,6.28,20114400
6.3,6.45,6.02,6.13,39622800
5.95,6.13,5.92,6.06,18217200
5.95,6.06,5.9,6.06,8468400
6.27,6.34,6.12,6.18,20227200
6.11,6.16,5.99,6.09,19954800
6.09,6.27,6.09,6.19,10765200
6.11,6.26,6.0,6.01,15416400
6.03,6.05,5.82,6.05,27829200
6.08,6.16,5.88,5.96,17319600
5.9,5.96,5.71,5.73,23820000
5.75,5.8,5.58,5.8,23868000
5.88,6.06,5.83,6.04,29136000
6.08,6.13,6.01,6.05,16916400
5.87,6.03,5.81,5.87,27763200
5.98,5.98,5.64,5.67,27936000
5.64,5.91,5.6,5.87,18962400
5.88,5.9,5.74,5.77,15542400
5.9,6.03,5.84,5.93,19856400
5.95,6.11,5.95,6.07,12675600
6.08,6.1,5.85,5.88,21963600
5.67,5.73,5.4,5.44,30157200
5.45,5.49,5.23,5.37,29623200
5.24,5.33,5.07,5.2,27642000
5.35,5.38,5.23,5.31,16552800
5.45,5.49,5.4,5.46,14983200
5.54,5.63,5.52,5.52,14210400
5.47,5.65,5.44,5.53,19509600
5.67,5.79,5.64,5.65,12986400
5.65,5.76,5.57,5.65,15547200
5.6,5.81,5.58,5.73,6721200
5.82,5.86,5.69,5.86,14305200
5.95,5.95,5.81,5.88,11035200
5.96,6.02,5.88,5.98,10539600
5.96,6.11,5.96,6.08,12608400
6.28,6.46,6.27,6.46,19128000
6.46,6.54,6.41,6.53,10438800
6.55,6.59,6.5,6.58,11452800
6.59,6.61,6.5,6.55,10652400
6.61,6.64,6.55,6.6,9888000
6.6,6.65,6.52,6.55,12642000
6.38,6.39,6.29,6.35,13574400
6.42,6.45,6.34,6.4,10731600
6.44,6.44,6.25,6.26,10803600
6.44,6.45,6.28,6.32,13218000
6.41,6.46,6.31,6.43,10138800
6.36,6.54,6.33,6.54,9706800
6.5,6.59,6.45,6.51,9043200
6.58,6.69,6.54,6.6,15120000
6.65,6.76,6.61,6.65,13772400
6.78,6.88,6.76,6.85,9699600
6.85,6.97,6.8,6.96,12138000
6.94,6.99,6.91,6.98,9930000
6.95,6.97,6.77,6.85,11727600
6.79,6.85,6.66,6.81,15073200
6.93,6.96,6.78,6.91,16324800
6.88,6.95,6.77,6.83,12316800
6.75,6.91,6.75,6.87,8602800
6.9,7.04,6.76,6.99,19310400
6.98,7.01,6.88,6.91,11796000
6.68,6.68,6.51,6.56,16610400
6.57,6.65,6.52,6.54,8772000
6.56,6.72,6.51,6.51,11264400
6.56,6.69,6.54,6.6,11094000
6.55,6.71,6.47,6.54,19960800
6.61,6.74,6.61,6.72,8907600
6.87,6.89,6.8,6.87,9564000
6.88,7.03,6.83,6.87,9364800
6.63,6.73,6.4,6.44,25016400
6.43,6.61,6.43,6.52,12754800
6.52,6.76,6.49,6.66,16183200
6.68,6.68,6.46,6.53,15249600
6.69,6.78,6.56,6.64,10712400
6.7,6.88,6.65,6.86,10384800
6.87,6.95,6.86,6.89,6056400
6.95,7.02,6.68,6.91,15265200
6.99,7.19,6.99,7.16,11785200
7.28,7.29,7.18,7.26,18991200
7.12,7.23,7.09,7.23,13264800
7.22,7.27,7.16,7.2,8365200
7.23,7.24,7.1,7.22,10107600
7.4,7.4,7.11,7.16,16546800
7.2,7.33,7.2,7.3,8367600
7.33,7.61,7.29,7.57,15938400
7.63,7.67,7.58,7.62,8925600
7.67,7.69,7.52,7.53,13519200
7.64,7.66,7.38,7.49,16861200
7.54,7.61,7.42,7.49,10250400
7.5,7.54,7.37,7.42,13582800
7.51,7.64,7.49,7.59,11127600
7.47,7.6,7.42,7.55,9150000
7.32,7.56,7.25,7.51,15411600
7.5,7.74,7.5,7.73,10986000
7.57,7.75,7.55,7.72,10789200
7.69,7.74,7.33,7.45,20197200
7.45,7.67,7.43,7.64,11514000
7.45,7.63,7.43,7.45,12417600
7.45,7.47,7.01,7.03,29347200
7.07,7.08,6.78,6.95,27306000
7.18,7.44,7.17,7.39,18090000
7.34,7.58,7.34,7.56,16268400
7.43,7.72,7.41,7.72,17619600
7.7,7.82,7.61,7.64,20259600
7.74,7.91,7.73,7.9,16162800
7.78,8.04,7.77,8.02,20796000
8.25,8.43,8.18,8.42,16888800
8.47,8.54,8.4,8.47,12421200
8.56,8.65,8.35,8.5,19707600
8.39,8.44,8.24,8.36,20148000
8.37,8.52,8.34,8.47,13568400
8.71,8.76,8.53,8.64,17558400
8.65,8.69,8.54,8.65,10406400
8.74,8.76,8.58,8.69,10513200
8.79,8.83,8.55,8.67,24832800
8.61,8.77,8.52,8.61,17722800
8.69,8.73,8.49,8.61,20391600
8.7,8.7,8.56,8.65,11455200
8.55,8.74,8.48,8.69,16515600
8.79,8.8,8.59,8.67,20488800
8.68,8.71,8.16,8.19,29116800
8.27,8.52,8.21,8.51,14760000
8.46,8.55,8.39,8.47,7936800
8.4,8.55,8.38,8.51,13597200
8.35,8.82,8.35,8.82,15808800
8.75,8.92,8.7,8.89,14852400
8.92,8.96,8.85,8.95,11150400
8.94,9.0,8.64,8.7,17980800
8.68,8.8,8.57,8.61,12774000
8.69,8.78,8.48,8.56,15733200
8.66,8.84,8.64,8.82,10824000
8.86,8.96,8.84,8.96,10876800
9.05,9.08,8.95,9.02,11572800
9.03,9.23,8.97,9.16,13339200
9.22,9.36,9.19,9.35,17236800
9.46,9.56,9.44,9.5,11452800
9.56,9.6,9.4,9.44,20742000
9.42,9.49,9.31,9.41,16818000
9.3,9.53,9.2,9.44,16749600
9.47,9.49,9.33,9.41,15810000
9.64,9.67,9.47,9.6,17823600
9.72,9.78,9.67,9.72,14076000
9.67,9.76,9.65,9.7,11625600
9.69,9.74,9.29,9.34,18558000
9.34,9.41,9.23,9.26,13418400
9.39,9.4,9.17,9.22,10150800
9.35,9.53,9.34,9.38,9370800
9.38,9.44,9.26,9.32,9120000
9.34,9.66,8.94,9.64,20199600
9.59,9.59,9.43,9.55,14647200
9.6,9.91,9.59,9.84,14218800
10.08,10.16,10.0,10.16,14062800
10.16,10.19,10.11,10.17,4750800
10.22,10.3,10.17,10.27,6976800
10.31,10.32,10.16,10.2,9242400
10.14,10.19,10.06,10.14,6634800
10.2,10.34,10.19,10.34,8022000
10.2,10.21,10.01,10.1,12372000
10.1,10.13,9.88,9.88,12193200
9.89,9.92,9.66,9.78,15740400
9.9,10.08,9.85,10.03,11539200
10.04,10.19,9.98,10.1,11658000
10.21,10.22,9.9,10.0,13195200
10.08,10.13,9.86,10.1,14992800
10.06,10.16,9.54,9.65,21638400
9.75,10.22,9.75,10.2,17259600
10.32,10.51,10.3,10.44,15066000
10.43,10.5,10.38,10.46,8814000
10.36,10.45,10.2,10.28,10557600
10.47,10.52,10.25,10.51,11002800
10.59,10.67,10.5,10.6,9804000
10.49,10.5,10.27,10.48,16131600
10.32,10.38,9.85,9.86,17706000
9.87,9.91,9.37,9.57,22216200
9.42,9.59,9.38,9.57,13687200
9.31,9.52,9.2,9.27,17062200
9.6,9.86,9.56,9.75,14554800
9.44,9.82,9.41,9.69,10566600
9.63,9.77,8.94,9.04,22990800
9.15,9.32,9.07,9.22,11334000
9.12,9.24,8.83,9.14,13564200
9.23,9.52,9.21,9.48,9247200
9.65,10.02,9.57,9.99,13932000
9.99,10.19,9.97,10.17,10410600
10.23,10.58,10.2,10.52,14688000
10.58,10.65,10.49,10.57,13556400
10.34,10.84,10.34,10.84,13313400
10.83,10.95,10.71,10.87,11859600
10.93,11.1,10.85,11.04,8661600
10.98,11.05,10.74,10.8,17066400
10.83,11.02,10.7,10.96,12830400
11.06,11.11,10.88,10.9,10497000
10.97,11.24,10.93,11.09,12427800
11.14,11.2,10.95,11.05,11623200
11.15,11.24,10.89,11.02,10366200
11.03,11.27,10.98,11.23,10995600
11.23,11.43,10.9,11.18,17089800
10.87,11.03,10.65,10.93,19819800
11.3,11.43,11.28,11.37,13624200
11.43,11.52,11.35,11.47,9633000
11.53,11.56,11.31,11.42,11600400
11.55,11.57,11.09,11.26,16564800
11.24,11.31,11.07,11.28,9447600
11.37,11.45,11.04,11.14,14971800
10.99,11.28,10.87,11.27,13701600
11.39,11.4,10.64,10.79,23551800
10.67,10.82,10.55,10.57,13414800
10.76,11.01,10.75,10.85,14617800
10.88,11.27,10.88,11.24,14125800
11.25,11.28,10.83,11.05,17055600
10.95,11.24,10.88,11.14,10954800
11.32,11.35,10.68,10.73,24788400
10.86,10.89,10.17,10.46,33268200
10.63,10.82,10.3,10.56,21564600
10.72,10.78,10.15,10.16,25166400
10.12,10.25,9.81,9.98,25249200
10.07,10.37,9.96,10.04,20805000
10.27,10.45,10.24,10.24,20305200
10.41,10.81,10.4,10.8,22255200
10.94,10.96,10.73,10.88,20403000
10.91,10.96,10.43,10.62,19952400
10.81,10.86,9.69,9.78,46376400
9.59,9.85,9.29,9.49,39082800
9.52,9.79,9.42,9.75,30405000
9.86,10.27,9.78,10.25,27745200
10.27,10.27,9.22,9.31,40284600
9.05,9.4,8.92,8.98,26484600
9.2,9.32,8.93,9.18,35159400
9.27,9.43,8.7,9.27,70256400
9.51,9.64,9.29,9.64,31426800
9.54,9.79,9.46,9.64,22078200
9.72,9.86,9.58,9.86,18031200
9.95,10.17,9.91,10.1,18790200
10.09,10.1,9.81,9.82,16420800
10.32,10.32,9.79,10.11,31347000
9.93,9.96,9.56,9.63,30593400
9.76,9.93,9.27,9.73,60260400
9.81,10.0,9.66,9.94,30454200
9.82,10.06,9.73,10.03,23009400
10.08,10.29,10.0,10.12,17968800
10.21,10.27,9.99,10.07,18988200
9.88,10.22,9.81,10.22,14473800
10.17,10.19,9.81,9.82,20205600
9.9,9.91,9.39,9.73,32738400
9.64,10.06,9.57,9.7,27402000
9.69,9.83,9.5,9.81,19559400
9.99,10.31,9.96,10.29,15960600
10.33,10.44,10.26,10.31,14716200
10.23,10.34,10.09,10.16,12330000
10.15,10.2,9.73,9.93,25185000
9.95,10.13,9.75,10.11,17863800
10.02,10.37,9.97,10.33,15066000
10.31,10.42,10.08,10.21,20291400
10.26,10.52,10.25,10.5,15452400
10.53,10.73,10.49,10.63,15810000
10.68,10.88,10.6,10.87,11892000
11.02,11.28,10.99,11.28,14798400
11.27,11.32,11.15,11.17,14804400
11.3,11.4,11.23,11.4,10912800
11.4,11.45,11.21,11.39,14168400
11.43,11.44,11.14,11.36,12658800
11.24,11.4,11.2,11.34,11887800
11.25,11.52,11.2,11.46,13169400
11.5,11.82,11.38,11.76,22013400
11.9,11.96,11.82,11.95,9902400
11.98,12.02,11.84,11.93,15521400
11.9,12.01,11.86,12.0,9099600
11.86,12.03,11.84,11.98,12122400
11.91,11.95,11.53,11.67,15121800
11.82,11.85,11.61,11.75,9002400
11.71,11.89,11.62,11.79,11244600
11.77,11.9,11.71,11.81,11955000
11.85,12.06,11.64,12.02,14350200
12.06,12.09,11.82,11.98,13243800
12.0,12.06,11.93,12.02,7074000
12.02,12.04,11.93,12.03,8676000
12.03,12.33,11.9,12.0,20031000
11.91,12.28,11.91,12.22,10565400
12.25,12.25,11.96,12.25,10947600
12.2,12.41,12.19,12.37,9232200
12.39,12.56,12.36,12.46,6806400
12.59,12.98,12.58,12.88,8257200
12.9,13.0,12.86,12.93,10225200
13.06,13.18,12.96,13.18,8079600
13.13,13.19,12.99,13.05,10993800
12.99,13.02,12.43,12.6,18969000
12.69,12.91,12.58,12.88,17120400
12.39,12.9,12.33,12.76,15405600
12.84,12.99,12.73,12.98,15211200
13.16,13.31,13.1,13.23,13382400
13.29,13.34,12.81,13.09,18567000
13.37,13.41,13.2,13.24,13326000
13.13,13.27,12.59,12.71,20115600
12.93,13.34,12.87,13.31,14622000
13.22,13.33,13.09,13.27,11862600
13.46,13.58,13.41,13.53,13432200
13.65,13.82,13.59,13.78,12807600
13.85,13.9,13.68,13.73,10932600
13.54,13.63,13.36,13.57,11607000
13.6,13.68,13.27,13.58,11495400
13.67,13.76,13.48,13.52,9906600
13.73,13.81,13.51,13.68,13451400
13.33,13.4,12.78,12.84,17364600
12.76,12.97,12.44,12.69,21540600
12.78,13.1,12.64,12.95,18022800
12.81,12.91,12.48,12.65,20942400
12.42,12.86,12.39,12.63,14912400
12.79,12.87,12.37,12.51,19200600
12.57,12.82,12.4,12.77,15558000
12.92,13.12,12.9,13.01,9294000
12.96,13.09,12.79,12.98,11366400
13.15,13.41,13.12,13.4,10159800
13.44,13.61,13.4,13.6,12886200
13.82,13.9,13.41,13.79,19494600
14.0,14.16,13.96,14.12,9918600
14.22,14.38,14.2,14.37,9828600
14.32,14.44,14.28,14.37,8831400
14.39,14.46,14.31,14.45,8487600
14.45,14.62,14.36,14.51,9601800
14.72,14.78,14.56,14.67,8497200
14.73,14.76,14.61,14.72,5214600
14.73,14.77,14.62,14.72,4589400
14.57,14.71,14.51,14.66,8104800
14.77,14.83,14.6,14.83,6534000
14.94,14.97,14.77,14.95,8037600
15.06,15.07,14.61,14.7,10329600
14.8,15.02,14.54,14.65,10260600
14.72,14.89,14.49,14.88,10403400
14.87,15.06,14.74,14.95,8859000
14.95,15.12,14.49,14.59,16174200
14.64,14.95,14.51,14.93,9052200
14.74,14.92,14.57,14.91,14914800
14.87,14.88,14.53,14.68,14217600
14.72,14.73,14.11,14.24,16060800
14.09,14.7,14.04,14.62,15861600
14.61,14.88,14.43,14.69,14194200
14.82,15.02,14.77,15.01,9939000
15.22,15.22,14.81,14.98,13777200
14.88,14.88,14.38,14.57,13522200
14.39,14.64,14.35,14.44,12600000
14.48,14.93,14.35,14.91,14572800
14.76,14.82,13.95,13.97,26599800
14.11,14.48,14.04,14.41,18531600
13.98,14.47,13.96,14.36,14317200
14.48,14.64,14.22,14.42,19261800
14.31,14.33,13.59,13.73,26685000
13.71,13.85,13.2,13.72,27246600
13.96,14.3,13.82,14.14,19209600
14.24,14.36,13.91,14.04,18413400
13.84,13.95,13.43,13.44,20456400
13.47,14.35,13.22,14.22,26641200
14.17,14.27,13.46,13.51,27877800
13.28,13.52,12.5,12.5,37053600
12.45,12.73,11.89,11.92,34162800
12.16,12.38,11.82,11.94,46351200
11.38,11.84,10.88,11.68,60637200
10.95,11.77,10.94,11.5,41995200
11.93,12.26,11.73,11.95,33043800
11.91,12.49,11.85,12.47,19308000
12.91,13.44,12.83,13.44,26462400
13.57,13.62,13.21,13.23,23490000
13.63,14.05,13.56,13.84,21235800
13.9,14.19,13.75,14.16,21320400
14.08,14.27,13.91,14.21,17280600
14.38,14.85,14.36,14.85,19960800
14.69,14.81,14.36,14.67,22425600
14.47,14.86,14.38,14.76,20248200
15.5,15.52,15.22,15.37,22046400
15.44,15.63,15.39,15.52,17620200
15.35,15.47,15.04,15.36,17331000
15.64,15.66,15.2,15.36,17343000
15.34,15.51,15.15,15.49,12159000
15.58,15.6,15.22,15.45,13851600
15.47,15.68,15.35,15.61,12921600
15.63,15.76,15.5,15.76,13202400
15.57,15.9,15.57,15.85,12025200
15.93,16.23,15.83,16.05,22770600
16.04,16.2,15.88,16.2,14352000
16.08,16.19,15.82,16.05,17669400
16.09,16.48,16.09,16.41,13977600
16.36,16.36,15.97,16.2,18601200
15.98,16.44,15.94,16.41,12444600
16.85,16.89,16.35,16.53,19118400
16.64,16.91,16.59,16.9,15775800
16.96,17.11,16.83,16.96,18942000
17.01,17.32,16.96,17.31,13204200
17.44,17.65,17.4,17.56,9071400
17.4,17.49,16.74,16.92,19523400
17.0,17.23,16.88,17.1,16236600
17.22,17.3,16.91,17.25,16492800
17.17,17.41,16.99,17.2,19254600
17.3,17.37,17.1,17.21,14203800
17.07,17.3,16.57,16.84,21160200
16.24,17.03,16.07,17.0,21336000
16.9,17.03,16.1,16.18,16816200
16.33,17.0,16.32,16.43,17004000
15.95,16.51,15.89,15.89,19223400
16.13,16.3,15.26,15.41,29493600
15.11,15.78,14.64,14.65,26607000
14.68,15.57,14.62,15.44,22840800
16.11,16.57,15.98,16.57,23343000
16.62,16.98,16.5,16.75,19353600
16.7,16.92,16.67,16.9,13807200
17.09,17.09,16.66,16.74,14490000
16.8,16.95,16.75,16.78,5497800
16.9,17.22,16.9,17.12,10761000
17.07,17.21,17.03,17.12,7791000
16.95,17.07,16.69,16.77,15482400
16.83,17.04,16.17,16.24,14636400
16.48,16.69,15.86,16.11,15278400
15.88,15.93,15.25,15.38,15877200
15.44,15.53,14.56,14.77,21080400
15.06,15.44,14.95,15.34,17183400
15.74,16.31,15.68,16.22,18117000
16.37,16.39,15.62,15.89,22677600
15.99,16.04,15.27,15.4,20656800
15.84,16.33,15.02,15.39,24963600
14.9,15.35,14.72,15.15,27018600
15.32,15.41,14.48,14.55,24501600
14.48,15.1,14.4,15.07,17724600
15.32,15.51,14.81,15.4,17736600
15.26,15.85,15.11,15.64,16691400
15.83,16.55,15.41,16.51,20332200
16.51,16.76,16.36,16.62,17794800
16.57,16.65,16.3,16.58,12600600
15.79,15.8,15.11,15.3,27998400
16.0,16.05,15.02,15.03,23616000
14.98,15.54,14.6,15.47,22069800
15.41,15.77,15.04,15.11,27277800
15.19,15.53,14.5,15.51,24855600
15.64,15.97,15.36,15.93,22791600
15.73,16.21,15.64,15.89,15579000
16.0,16.33,15.91,16.31,12540600
16.38,16.49,15.84,16.02,15441000
15.82,16.08,15.74,15.84,11974200
16.13,16.66,16.04,16.6,14907000
16.66,16.89,16.56,16.78,15231600
17.09,17.38,17.03,17.37,19137600
17.51,17.81,17.42,17.81,15112200
17.81,17.89,17.68,17.86,10341000
17.8,17.96,17.72,17.93,8809800
17.89,18.23,17.88,18.2,9448800
18.16,18.59,17.99,18.56,11346600
18.54,18.63,18.41,18.63,9871800
18.55,18.72,18.38,18.67,13075200
18.57,18.79,18.4,18.52,14068800
18.57,18.82,18.42,18.8,14542200
18.78,18.81,18.46,18.55,11098800
18.65,19.07,18.64,19.05,11130600
18.88,18.93,18.42,18.78,16048800
18.6,18.67,18.25,18.57,14580000
18.71,18.83,18.43,18.65,11543400
18.6,18.7,17.88,18.01,18715800
18.14,18.31,17.91,18.18,14158800
17.78,17.79,17.17,17.17,23995800
17.22,17.3,16.85,16.87,27894000
16.83,17.26,16.8,17.2,15298800
17.15,17.35,16.65,16.98,24764400
17.16,17.63,17.11,17.62,14370000
17.47,17.79,17.36,17.72,12170400
17.57,18.47,17.29,18.23,20977800
18.3,18.46,18.21,18.32,13923000
18.76,18.94,18.66,18.7,13101600
18.64,18.79,18.54,18.55,12404400
18.54,18.81,18.35,18.36,11622600
18.45,18.48,17.08,17.08,21985800
16.67,17.2,16.5,16.93,24570000
16.9,17.24,16.83,17.1,12318000
17.44,17.75,17.43,17.71,18901800
17.55,17.67,17.13,17.17,15563400
17.14,17.14,16.54,16.88,21984600
16.91,17.07,16.74,16.9,13822200
16.6,17.46,16.53,17.31,18868200
17.29,17.67,17.23,17.23,14336400
17.24,17.71,17.24,17.64,21142800
17.62,17.98,17.43,17.97,13866000
17.97,18.19,17.83,18.18,14173200
18.23,18.5,17.99,18.05,14400000
18.01,18.14,17.59,17.89,21121800
18.05,18.34,17.97,18.21,11919600
18.09,18.24,18.0,18.15,11361000
17.63,17.78,17.07,17.3,23303400
17.57,18.17,17.54,18.07,17774400
18.39,18.48,18.24,18.3,15923400
18.44,18.69,18.09,18.6,15239400
18.42,19.06,18.41,18.82,16375200
19.4,19.66,19.32,19.56,17802000
19.8,19.91,19.31,19.43,20145000
19.47,19.58,18.83,19.31,21469200
18.99,19.32,18.64,18.94,24244200
18.62,18.86,17.77,18.05,38521200
18.26,18.8,18.25,18.78,23751600
18.93,19.2,18.83,18.85,16496400
18.64,18.74,17.91,17.95,35086800
18.03,18.18,17.2,17.57,26674800
17.55,18.02,17.51,17.87,21077400
18.43,18.66,18.34,18.53,22297200
18.58,18.69,18.29,18.32,17378400
18.0,18.35,17.58,18.09,23791800
18.32,18.59,18.1,18.18,16562400
18.64,19.02,18.43,18.99,22104000
19.14,19.2,18.84,18.98,18313200
18.89,19.33,18.84,19.22,13823400
19.29,19.37,19.07,19.16,12322200
19.2,19.54,18.9,19.19,13908000
19.1,19.57,19.01,19.5,11527800
19.43,19.65,19.39,19.44,9977400
19.3,19.38,18.54,18.77,17557200
18.93,19.73,18.82,19.67,16786200
19.55,19.69,19.35,19.53,11330400
19.49,19.58,19.05,19.2,13257600
19.5,19.53,18.91,19.36,17145000
19.16,19.48,18.88,19.19,16432800
19.46,19.58,19.22,19.36,14633400
19.04,19.4,18.74,18.93,23212800
18.85,18.99,18.44,18.79,17323800
18.75,18.8,18.1,18.22,18052800
18.08,18.32,17.71,18.13,19125000
18.3,19.02,18.25,18.84,19345800
19.05,19.2,18.84,18.95,14635200
18.64,18.76,18.41,18.47,15112200
18.06,18.29,17.75,18.21,25110600
18.13,18.58,18.12,18.49,12658200
18.59,18.83,18.29,18.65,21048600
18.8,19.55,18.79,19.43,20328600
19.49,19.54,19.14,19.14,10578600
19.6,19.77,19.47,19.6,16464600
19.67,19.7,19.4,19.65,14363400
19.57,19.82,19.33,19.34,10612800
19.56,19.62,19.13,19.22,10650600
19.2,19.34,18.63,18.86,16488000
18.2,18.53,17.49,17.53,34218000
17.89,18.01,17.53,17.73,22099200
18.21,18.32,17.87,18.09,17703000
18.25,18.31,17.96,18.16,13190400
17.78,18.31,17.67,18.01,16476000
18.06,18.18,17.07,18.1,31291200
17.74,17.81,17.09,17.19,23110200
17.89,17.9,17.14,17.14,15657600
17.8,18.13,17.65,17.94,15407400
18.39,18.93,18.39,18.85,13107600
18.96,19.4,18.93,19.23,12775200
19.34,19.53,19.15,19.33,14892600
19.79,20.13,19.67,20.08,17460000
20.61,21.0,20.51,21.0,17916000
21.17,21.46,20.96,21.23,11986200
21.27,21.35,21.01,21.17,10926000
20.22,20.77,20.22,20.48,13548600
20.54,20.73,20.08,20.24,12097800
20.55,20.6,19.56,19.66,13309200
19.31,19.57,19.03,19.16,15078000
19.43,19.77,18.95,19.66,19449600
19.77,20.0,19.55,19.88,15217200
19.74,20.25,19.38,20.16,17130600
20.34,20.38,19.96,20.09,13629600
20.11,20.26,19.5,19.91,18466800
19.85,19.97,19.53,19.78,17668800
20.11,20.63,20.05,20.25,15926400
20.28,20.37,19.0,19.27,21912000
19.12,19.33,18.71,19.2,20022000
19.56,19.97,19.56,19.84,16725600
19.52,19.76,18.76,19.09,21661200
18.7,19.4,18.08,19.26,28043400
19.33,19.61,19.06,19.17,17582400
19.04,19.35,18.94,19.27,18247800
19.12,19.76,18.98,19.75,15669600
19.64,19.72,19.37,19.43,13624800
19.25,19.57,18.73,19.07,29439600
18.53,18.71,17.47,17.5,37502400
16.75,17.17,15.32,15.32,47536200
12.51,15.25,10.88,13.51,49089600
14.92,15.19,13.27,13.33,36208200
14.47,15.36,13.61,15.25,35627400
15.97,16.48,15.39,16.44,60744000
16.18,16.6,16.07,16.43,26761800
16.16,16.42,15.7,15.82,25858800
14.63,15.35,14.14,14.38,39232800
15.11,15.55,14.61,15.55,22534800
15.74,16.05,15.19,15.3,27903000
14.68,15.07,14.52,14.78,34955400
15.62,16.08,15.44,16.04,28168800
16.59,16.6,15.35,15.48,35160600
15.42,16.29,15.36,15.98,30895200
15.76,16.24,15.62,16.24,23715000
16.42,16.42,15.91,16.09,22083000
16.21,16.82,16.03,16.65,19081800
16.68,16.99,16.5,16.93,17551800
16.91,17.73,16.75,16.98,30295200
16.2,16.84,16.16,16.26,34042800
16.51,16.79,15.96,16.4,25039200
15.64,15.82,15.21,15.67,35474400
15.78,15.91,15.45,15.7,27970200
15.23,15.7,14.83,15.52,36729600
16.04,16.07,14.84,15.14,35478000
14.93,14.96,13.7,13.84,45007200
13.94,14.36,13.32,13.63,45718800
14.2,14.6,14.03,14.53,41733000
14.62,14.74,14.05,14.73,27408000
14.14,15.52,14.0,15.5,39675600
15.86,16.31,15.76,16.21,26019000
16.09,16.23,15.57,15.98,28765200
16.26,16.34,15.63,16.23,31638600
16.06,16.52,15.59,16.43,36484200
16.45,16.75,16.32,16.63,21903000
16.76,16.87,16.57,16.77,19067400
16.48,17.0,16.4,16.44,26620800
16.45,16.69,16.16,16.37,22916400
16.55,17.17,16.49,17.17,26821200
17.28,17.42,17.03,17.39,16580400
17.31,17.73,17.21,17.7,20452800
17.59,17.71,17.24,17.4,18156600
17.68,17.73,17.07,17.12,22062000
17.55,18.18,17.41,18.14,32469000
19.6,19.89,19.31,19.65,25507200
19.62,19.81,19.4,19.7,14986200
19.55,19.9,19.53,19.83,13057800
19.92,20.31,19.43,20.29,26119800
20.03,20.32,19.97,20.22,12478200
20.25,20.35,19.94,19.94,15009000
20.09,20.69,19.98,20.62,13825200
20.5,21.06,20.4,20.82,15453000
21.02,21.08,20.58,20.83,18229200
20.89,21.04,20.34,20.64,17781600
20.56,20.78,20.15,20.71,17031000
20.47,20.56,19.66,20.05,18914400
19.73,19.94,19.55,19.9,12340200
20.06,20.34,19.72,19.82,12603600
19.56,19.86,19.2,19.24,17241000
19.0,19.06,18.08,18.11,24712200
18.05,18.89,17.92,18.86,23193000
18.98,19.33,18.77,18.93,27676800
19.14,20.07,19.09,20.01,24534600
20.05,20.32,19.94,20.04,12994800
20.32,20.5,20.27,20.44,12749400
20.47,20.7,20.02,20.28,14109600
19.88,20.36,19.57,20.21,16561800
20.29,20.39,20.15,20.26,6997200
20.4,20.48,20.15,20.33,3400800
20.53,20.54,20.0,20.2,11659200
20.43,20.8,20.36,20.8,14630400
20.84,21.12,20.32,20.42,15261600
20.59,20.68,19.03,19.38,28239000
19.55,20.83,19.43,20.72,21661200
20.78,20.82,20.16,20.46,17306400
19.81,20.65,19.79,20.46,20325000
20.17,20.52,19.16,19.51,36216600
19.65,20.17,19.48,19.79,20321400
19.1,19.25,18.39,18.43,36859200
18.51,18.86,17.71,18.84,29043000
19.33,19.67,19.11,19.16,23944800
19.57,20.13,18.98,20.01,24564000
20.28,20.29,19.15,19.18,23689200
18.97,19.1,18.08,18.12,25619400
18.57,18.66,18.17,18.66,16007400
18.95,19.1,18.66,19.01,16755600
19.31,19.48,19.21,19.45,13737000
19.43,19.59,19.4,19.41,6060000
19.27,19.41,18.86,19.41,12834000
19.74,20.44,19.7,20.29,18163200
20.25,20.28,19.76,19.77,11199000
19.56,19.66,19.02,19.04,21952200
17.77,17.88,17.12,17.88,33233400
18.08,18.16,17.47,17.72,16540800
16.83,17.51,16.81,17.24,30473400
16.12,16.75,15.58,15.6,42543600
15.94,16.23,15.16,15.23,41477400
15.55,15.67,14.65,15.36,42022200
15.78,16.12,15.23,15.88,39690000
16.08,16.19,14.17,14.22,51675000
14.4,15.52,13.72,15.14,45427200
13.63,14.22,13.15,13.75,70448400
14.29,14.35,13.34,13.81,32403600
13.16,14.13,12.26,13.68,69337200
13.85,14.34,13.31,13.73,42264000
14.54,14.94,14.42,14.92,35860200
14.78,15.02,14.22,14.24,34635600
14.43,14.82,14.06,14.65,30379800
14.39,14.57,13.37,13.56,44789400
14.2,14.23,13.42,14.1,39446400
14.13,15.02,14.09,15.02,32214600
14.77,15.29,14.61,15.1,28530000
14.92,14.92,14.0,14.14,32108400
14.41,14.41,13.19,13.94,58912800
13.8,14.26,13.44,13.92,35504400
13.78,13.8,12.33,12.48,53722200
11.79,12.06,11.22,11.91,64370400
11.42,12.33,11.37,11.78,57436800
12.21,12.65,11.9,11.92,46941000
11.47,12.15,11.36,11.89,59634600
12.26,12.45,11.94,12.4,39553800
12.97,13.22,12.73,13.22,37414200
13.56,14.2,13.43,14.13,45654000
14.28,14.29,13.61,13.65,32237400
13.5,13.91,13.37,13.8,29866800
14.17,14.49,14.13,14.45,31033200
14.19,14.31,13.71,13.73,33478200
13.26,14.18,13.01,14.14,43819800
14.23,14.54,13.84,14.52,32449800
14.86,14.89,14.39,14.49,31072200
14.46,14.78,14.11,14.11,28746000
14.49,15.46,14.38,15.46,38892000
15.4,15.49,15.12,15.48,24246600
15.44,15.45,15.06,15.39,25824600
15.45,15.71,15.1,15.41,29730600
15.18,15.44,14.8,15.13,23640600
14.81,15.21,14.67,14.73,26570400
14.93,15.04,14.67,15.01,26043000
15.25,15.48,14.38,14.95,42931800
15.44,15.74,15.31,15.73,21207600
15.57,15.94,15.55,15.82,19645800
15.66,15.85,15.5,15.81,24139800
15.67,16.35,15.67,16.21,22057200
16.09,16.31,15.9,16.17,15938400
16.3,16.4,16.02,16.26,18442200
16.19,16.51,16.16,16.45,17001000
16.19,16.73,16.17,16.6,15901800
16.51,16.55,16.09,16.2,19306800
15.94,16.23,15.88,16.2,15877800
16.36,16.37,16.06,16.14,16173000
16.05,16.95,15.98,16.91,22474200
17.22,17.49,17.06,17.17,26235600
17.13,17.32,17.01,17.07,14815200
16.81,17.66,16.71,17.64,20377800
17.61,17.67,17.31,17.42,17079000
17.02,17.22,16.86,16.95,18355200
17.0,17.77,16.98,17.76,22761000
17.46,17.55,16.77,16.99,31528200
17.3,17.42,16.78,16.95,20780400
17.17,17.42,16.76,16.77,17132400
16.8,17.28,16.49,17.16,22803000
17.58,17.92,17.51,17.83,20272800
17.84,18.04,17.7,17.84,13905000
17.79,17.91,17.57,17.71,10386600
17.56,18.01,17.53,17.97,12587400
18.15,18.17,17.38,17.66,19822800
17.64,17.94,17.47,17.7,13471200
17.69,17.89,17.47,17.71,16684200
17.03,17.26,16.5,16.91,25165200
16.72,16.9,16.66,16.89,12118800
16.99,17.09,16.5,16.66,13664400
16.16,16.36,15.84,16.26,22875600
16.32,16.59,15.57,15.69,20096400
15.63,15.76,15.05,15.44,23907600
15.53,15.91,15.34,15.84,14752200
15.51,15.72,15.28,15.42,18245400
15.14,15.3,15.0,15.12,19393200
15.26,15.37,15.0,15.11,17997000
14.87,15.34,14.82,15.33,19573800
15.34,15.67,15.32,15.46,14817600
15.63,16.12,15.55,16.11,14560200
16.03,16.17,15.65,15.67,15883200
15.79,15.82,15.13,15.45,23092800
15.44,15.69,15.19,15.26,19495800
15.32,16.02,15.31,15.85,14661600
15.83,15.94,15.13,15.24,23403600
15.16,15.66,15.05,15.42,29746200
15.23,15.36,14.84,15.17,31762200
15.36,15.86,15.33,15.68,15669000
15.72,15.9,15.57,15.6,10866000
15.87,16.61,15.86,16.56,18750600
16.75,17.06,16.66,16.92,17605800
16.97,17.12,16.84,17.06,11908800
17.08,17.33,17.08,17.31,13362000
17.41,17.5,17.16,17.42,14118600
17.26,17.53,17.21,17.42,12567000
17.31,17.53,17.03,17.52,13082400
17.42,17.45,16.94,17.28,19441200
17.36,17.6,17.29,17.47,10749600
17.52,17.55,17.31,17.34,9638400
17.44,17.53,17.23,17.42,10282800
17.21,17.4,17.11,17.34,12466200
16.88,16.96,16.57,16.76,20220000
16.48,16.74,16.27,16.33,14881200
16.2,16.5,15.97,16.34,17716200
16.44,16.5,16.1,16.19,13297200
15.95,16.37,15.63,16.31,20545200
16.24,16.24,15.64,15.75,20877600
16.32,16.52,16.01,16.03,17405400
16.13,16.3,16.02,16.19,10801800
16.24,16.51,16.04,16.09,12912000
16.46,16.77,16.26,16.77,16069800
15.0,15.73,14.6,14.71,40687800
14.38,14.4,13.63,13.86,29495400
14.28,14.74,14.27,14.73,24933600
15.09,15.6,15.06,15.49,26058000
15.58,16.07,15.43,16.05,20726400
16.02,16.47,16.01,16.27,16428000
16.06,16.09,15.73,15.98,16367400
15.77,16.4,15.61,16.36,21684600
16.43,16.63,16.29,16.52,15778800
16.76,17.32,16.72,17.28,18755400
17.48,17.78,17.46,17.58,17830800
17.9,17.99,17.78,17.85,14473800
18.0,18.01,17.72,17.73,15801600
18.08,18.18,17.95,18.09,13738200
18.2,18.24,17.88,17.99,10677000
18.03,18.45,18.02,18.34,10482600
18.17,18.32,18.06,18.15,9833400
18.43,18.89,18.38,18.77,11340600
18.83,18.93,18.5,18.66,14100600
18.71,18.95,18.52,18.88,10850400
18.84,18.9,18.7,18.9,9530400
18.88,19.16,18.67,18.96,17044200
19.42,19.5,19.1,19.33,16320600
19.44,19.61,19.25,19.54,10890000
19.68,19.83,19.49,19.67,12829200
19.72,20.13,19.64,19.98,13164600
19.89,19.95,19.15,19.53,20138400
19.48,19.72,19.44,19.71,10666800
19.71,19.94,19.56,19.89,10503600
20.21,20.59,20.12,20.46,15435000
20.5,20.51,20.19,20.4,9487800
20.43,20.72,20.4,20.53,9977400
20.55,20.58,20.21,20.38,10965000
20.57,20.77,20.45,20.64,8581200
20.52,20.68,20.46,20.68,8534400
20.75,21.08,20.73,20.94,7156800
20.82,20.83,20.58,20.61,7824600
20.61,20.72,20.26,20.7,11229600
20.64,20.8,20.53,20.72,7094400
20.61,20.83,20.44,20.69,9202200
20.6,20.85,20.49,20.72,9155400
20.97,21.09,20.82,20.84,7831800
20.81,20.9,20.24,20.44,8899800
20.27,20.53,20.2,20.34,7305600
20.37,20.83,20.07,20.44,13414200
20.45,20.68,20.44,20.5,6229200
20.42,20.59,20.1,20.31,8218800
20.22,20.31,19.99,20.26,8952000
20.27,20.47,19.97,20.35,10744200
20.71,20.83,20.37,20.58,11342400
20.71,20.98,20.57,20.97,8248200
21.03,21.12,20.78,21.0,7259400
20.83,20.84,20.49,20.65,8758200
20.14,20.27,19.08,19.08,20114400
18.79,20.19,18.76,20.06,16331400
19.79,19.98,19.28,19.58,15663600
19.64,20.17,19.61,19.84,13941000
19.87,20.85,19.85,20.76,16482600
20.7,20.8,20.43,20.73,10190400
20.89,21.09,20.35,20.46,11458800
20.67,20.83,20.48,20.58,9472800
20.83,21.27,20.48,21.17,17325000
21.57,21.76,21.49,21.67,9762600
21.6,21.61,21.18,21.28,9133200
20.91,20.99,20.65,20.75,10235400
20.73,21.38,20.65,21.34,10362600
21.42,21.49,21.13,21.45,9462000
21.36,21.47,20.72,21.0,14353800
21.19,21.65,21.09,21.43,9998400
21.36,21.45,21.11,21.38,10219800
21.53,21.69,21.03,21.26,14025600
21.45,21.69,21.42,21.48,8607000
21.4,21.59,21.15,21.45,9316200
21.52,21.6,21.0,21.31,11320200
21.62,21.86,21.61,21.69,7486200
21.65,21.67,20.51,20.8,16205400
20.82,20.94,20.54,20.75,10257000
20.32,20.68,19.94,20.51,13053600
20.78,21.05,20.54,20.56,10226400
20.55,20.66,20.33,20.41,6982800
21.12,21.24,20.92,20.94,9621000
20.9,21.03,20.83,20.94,5881800
20.85,21.0,20.5,20.86,8743800
20.9,21.13,20.7,21.08,7329000
21.51,21.9,21.49,21.85,8581200
21.87,21.9,21.55,21.63,7464000
21.22,21.56,21.02,21.22,11913600
21.48,21.53,20.83,20.92,12880200
20.72,21.06,20.33,20.56,17869800
20.76,20.76,20.43,20.44,7113000
20.58,20.58,19.47,20.02,12740400
19.96,20.09,19.37,19.5,10220400
19.42,19.6,18.87,18.94,10876800
18.76,19.18,18.63,18.73,10615200
19.63,20.13,19.56,20.07,12620400
20.0,20.73,19.87,20.46,13378200
19.74,20.84,19.68,20.75,22911600
21.0,21.12,18.91,19.76,30996000
19.45,19.89,19.27,19.74,14186400
19.78,19.82,18.86,19.08,22194000
19.56,20.14,19.5,19.96,13196400
19.66,20.35,19.66,20.28,10792200
20.27,20.75,20.15,20.75,9442200
20.79,20.93,20.46,20.52,7882200
20.65,21.2,20.64,21.14,10453200
21.4,21.5,21.18,21.33,9585000
21.12,21.19,20.8,21.07,9228000
21.17,21.31,21.08,21.27,4785000
21.18,21.43,21.07,21.16,8933400
21.17,21.65,21.02,21.36,9322800
21.4,21.45,20.56,20.67,18912000
20.56,20.57,19.41,19.53,23298000
19.55,19.86,19.38,19.61,12873000
19.93,20.31,19.65,20.07,11242800
20.22,20.33,19.97,20.21,8656800
20.09,21.06,19.92,20.96,18608400
21.01,21.26,20.89,21.09,14127000
21.33,21.62,21.33,21.58,12834000
21.29,21.42,21.04,21.28,11893800
21.51,22.45,21.48,22.11,21149400
22.16,22.4,21.76,21.95,17797200
22.01,22.45,21.89,22.08,13303200
22.19,22.33,21.69,21.82,14344200
21.91,22.48,21.81,22.08,10446600
22.26,22.46,22.22,22.35,7848000
22.36,22.4,22.13,22.27,6036000
22.28,22.31,21.84,22.08,8190000
21.99,22.16,21.92,22.15,4031400
22.27,22.85,22.24,22.47,9455400
22.61,22.68,21.9,21.95,11417400
21.94,22.08,21.65,21.84,10716000
21.97,21.98,21.0,21.2,13173000
21.6,21.98,21.4,21.72,12205800
21.82,22.21,21.79,22.09,8314200
22.07,22.51,22.05,22.48,7671600
22.52,23.23,22.35,23.05,11974800
23.11,23.4,23.06,23.28,8271600
23.27,23.64,23.15,23.42,8292000
23.43,23.61,23.09,23.6,11763000
23.36,23.55,22.84,23.48,10064700
23.55,23.86,23.55,23.75,7326600
23.53,23.67,23.32,23.52,6941400
23.63,23.73,23.44,23.68,6166200
23.75,24.01,23.49,23.62,7466400
23.93,24.12,23.6,23.77,7105800
23.7,23.93,23.39,23.83,6906300
23.96,24.43,23.86,24.32,6461400
24.76,25.07,24.71,25.03,7018500
25.15,25.29,25.0,25.14,6357000
25.27,25.34,25.03,25.26,4156200
24.99,25.0,24.26,24.68,9380400
24.43,24.55,24.1,24.55,7452000
25.03,25.17,24.69,25.01,9063900
24.89,25.18,24.68,24.95,7236900
25.05,25.25,24.97,25.17,6024000
25.04,25.27,24.98,25.26,5213400
25.39,25.7,25.35,25.52,5829300
25.43,25.76,25.29,25.66,4620900
25.73,26.11,25.69,25.93,6440700
26.11,26.3,25.98,26.19,5984100
26.43,26.74,26.39,26.65,5373600
26.66,26.91,26.41,26.9,7833000
26.86,27.41,26.8,27.36,9195600
27.43,27.59,27.14,27.34,7993800
27.22,27.7,27.21,27.68,6450900
27.87,28.16,27.81,28.12,8341200
28.03,28.19,27.89,28.12,5382000
28.25,28.25,27.47,27.82,7834500
27.42,27.97,27.4,27.97,6341400
27.82,28.07,27.67,28.05,6554700
28.06,28.08,27.58,27.83,5238000
28.32,28.87,28.19,28.73,7906800
28.72,28.72,28.19,28.28,5364900
28.21,28.47,28.0,28.43,4330800
28.12,28.39,27.9,28.23,4846800
28.05,28.47,27.96,28.09,4428600
28.16,28.51,28.06,28.23,4831500
28.23,28.42,27.86,28.32,5521500
28.68,28.79,28.3,28.63,6432000
28.6,28.82,28.58,28.8,4235400
28.6,28.64,28.24,28.58,6627600
28.78,29.31,28.48,29.08,7976700
29.28,29.28,28.86,29.07,4859400
29.13,29.25,28.98,29.0,4415100
29.0,29.29,28.87,29.08,4587000
29.41,29.5,27.72,27.79,11696100
27.8,28.41,27.67,28.33,8921700
28.23,28.45,27.97,28.11,7383000
28.37,28.7,27.96,28.26,6460800
27.68,28.56,27.48,28.41,9407400
28.41,29.19,28.23,28.94,10500000
28.97,29.37,28.9,29.33,6021300
29.32,29.57,29.22,29.47,6615900
29.34,29.64,29.25,29.4,6768300
29.49,29.69,28.87,29.34,8065200
29.08,29.5,29.06,29.47,4053000
29.62,30.13,28.96,29.14,9170100
29.24,29.4,28.95,29.16,7706400
29.14,29.39,28.81,29.13,5196900
29.23,29.51,28.91,29.16,6047100
29.05,29.19,28.14,28.79,10668300
28.76,28.82,28.33,28.41,8511900
28.3,28.79,28.06,28.08,7671300
28.31,28.78,28.28,28.74,4541700
28.48,28.89,28.42,28.66,6344400
28.99,29.27,28.64,28.76,7196100
29.11,29.67,28.98,29.46,10311600
29.55,29.59,29.24,29.44,6753300
30.42,30.6,30.29,30.51,7509000
30.82,31.34,30.75,31.19,8014200
31.22,31.44,30.99,31.05,10957500
31.29,31.6,31.21,31.6,7209600
31.98,32.02,31.62,31.78,8562600
32.07,32.74,32.03,32.58,8079300
32.74,32.82,32.49,32.77,7551600
32.57,32.57,32.18,32.45,9198300
32.46,32.61,32.15,32.48,9075900
32.71,32.83,32.36,32.83,6813300
32.88,33.04,32.68,33.03,7658400
33.19,33.61,33.11,33.39,9464700
33.43,33.48,33.09,33.45,7024200
33.18,33.38,32.71,33.37,7804200
33.41,33.6,33.32,33.58,7317300
33.62,33.95,33.53,33.9,8667600
34.14,34.33,33.86,34.32,9633300
33.52,33.69,31.68,31.73,17529600
31.68,32.84,31.54,32.53,15048000
32.85,33.35,32.82,32.92,9105600
33.15,33.82,33.12,33.78,8169300
34.05,34.07,33.61,33.86,8607300
34.14,34.37,33.88,34.33,8117700
34.7,35.45,34.49,35.23,10938000
35.2,35.42,35.07,35.38,6857100
35.29,35.58,35.26,35.45,6899100
35.78,35.85,34.87,35.41,12112800
35.62,35.86,35.18,35.83,9261600
36.19,37.08,36.03,37.06,10405500
37.03,37.22,36.87,37.03,6434700
36.89,37.25,36.42,36.61,9716700
36.87,37.1,36.39,37.01,10176300
37.24,37.29,36.52,37.11,11570400
37.24,37.38,32.89,34.42,29142300
33.47,33.95,32.48,33.8,20806200
34.33,34.73,33.81,34.59,15811500
35.0,35.0,33.31,34.13,17376600
33.08,33.78,32.46,33.67,17644800
33.6,33.62,32.86,33.26,11732100
34.19,34.99,34.04,34.87,13868100
34.79,34.91,34.04,34.08,10742400
34.29,35.11,34.22,35.07,10448700
35.23,35.42,34.77,35.03,8555700
34.91,35.57,34.63,35.43,8598300
36.01,36.22,34.71,34.96,13210200
34.55,34.66,33.03,33.03,18011100
33.38,34.53,32.81,34.42,15107700
34.0,34.02,31.67,32.67,28945500
32.95,33.2,32.36,32.55,12327000
33.13,33.24,31.59,31.67,10210500
31.91,32.83,31.62,32.57,14254200
31.82,32.23,31.34,31.71,13290600
32.02,32.97,32.0,32.66,11202900
32.78,33.58,32.52,33.34,11514300
33.2,33.74,32.82,33.62,13571400
34.46,34.92,34.27,34.81,13163400
34.95,35.29,34.74,35.04,11434500
35.46,35.99,35.18,35.87,10579500
35.98,36.29,35.71,35.89,12582900
35.81,36.64,35.5,36.6,10522800
36.92,37.42,36.89,37.27,13029300
37.54,37.62,36.9,37.41,13557600
36.95,37.36,36.78,37.35,10864500
37.34,37.94,37.2,37.84,11091600
37.49,37.84,37.26,37.59,11772600
37.83,37.99,37.67,37.92,7575900
38.69,38.78,35.89,37.25,23619600
36.59,37.3,36.36,37.13,8752800
37.43,37.57,36.4,36.64,11089500
37.01,37.04,36.55,36.88,7644600
37.58,37.62,36.15,37.15,13795800
37.29,37.31,36.54,36.77,9080100
36.98,37.19,36.49,36.91,8936100
37.13,37.62,36.97,37.56,6854700
37.4,38.33,37.1,37.42,12985800
36.51,37.32,36.25,37.28,12385200
36.65,36.72,34.77,34.86,20422800
35.03,35.89,34.78,35.65,13158900
36.48,37.2,36.47,37.04,11936100
37.25,37.32,36.8,37.11,9037200
37.37,37.82,36.93,37.3,12381600
36.85,37.03,35.0,35.01,19822800
35.06,35.64,34.5,34.88,16231500
34.94,35.15,34.13,34.82,10810200
35.33,36.48,35.32,36.37,11783100
35.77,36.21,35.73,35.96,10509600
36.23,36.37,35.03,35.66,12147600
36.03,36.33,35.29,35.42,11577600
35.73,35.99,35.4,35.73,8280300
34.8,36.33,34.72,36.17,10640400
36.24,37.6,36.17,37.43,13281000
37.73,38.63,37.67,38.49,13272000
38.78,38.93,38.17,38.46,8875200
38.1,38.36,36.56,37.43,16154400
37.74,38.01,36.95,37.76,10694700
37.98,38.3,37.6,37.99,9246300
37.85,37.91,36.92,37.05,10330800
37.89,38.48,37.88,38.23,10659900
38.6,38.72,38.02,38.56,9177300
38.33,38.73,38.18,38.72,6450600
38.29,38.6,37.97,38.06,9197100
38.02,38.84,37.83,38.37,9908100
38.54,38.91,37.92,38.28,11438700
38.46,38.62,38.06,38.44,7117800
38.42,38.53,37.22,38.12,13413300
38.01,38.02,37.0,37.39,10611300
37.02,37.44,36.92,37.29,7770900
36.84,36.89,35.55,36.12,16940100
36.65,36.85,35.99,36.37,11886300
36.95,37.75,36.67,37.36,13918500
37.09,37.4,36.81,37.29,8067000
37.52,38.16,37.22,38.08,11031000
38.28,38.66,37.68,38.19,11525700
38.33,38.56,38.08,38.43,7842300
38.21,38.77,38.1,38.53,11269200
38.98,39.7,38.82,39.64,11786400
39.27,39.8,39.25,39.78,10745100
39.97,40.09,39.52,39.68,8606400
40.06,40.19,39.24,39.77,8969700
39.72,40.13,39.55,40.11,7473600
39.94,40.36,39.75,39.9,8272500
40.36,40.48,40.22,40.34,6109200
40.65,40.78,40.38,40.76,7134900
40.71,40.92,40.52,40.9,7523700
41.02,41.02,40.58,40.75,7237500
40.05,40.3,39.44,40.3,10085100
40.78,40.88,40.47,40.59,8319300
40.85,40.86,39.64,39.83,7682100
40.02,40.26,39.57,40.04,7359000
39.77,40.16,38.66,39.55,11148900
39.49,39.76,39.13,39.18,9096000
41.05,42.8,40.94,42.56,18477300
42.45,43.36,42.36,42.86,12069600
43.25,43.52,42.9,43.32,7524600
43.86,43.92,42.78,43.26,10383000
43.13,43.19,42.15,43.04,11472600
43.5,44.29,43.06,44.24,10837500
44.16,44.76,44.11,44.69,9512100
44.59,44.96,44.32,44.76,11665200
44.72,45.35,44.55,45.32,8607900
44.22,44.67,43.22,44.6,20399400
44.3,44.69,44.05,44.58,8304600
44.11,44.91,44.08,44.72,9393000
44.27,44.41,43.61,44.27,11375100
43.7,43.98,42.92,43.62,10083600
44.3,45.57,44.28,45.25,10106700
45.3,45.39,44.62,44.74,8669100
44.81,44.97,44.45,44.63,6257400
45.26,46.13,45.21,46.04,8842800
46.2,46.37,45.94,46.22,7514700
46.4,46.78,46.31,46.74,4994100
46.68,47.01,46.36,46.67,8354700
46.98,47.12,46.24,47.01,8788200
46.89,46.89,43.92,44.59,26036100
45.15,45.95,44.82,45.7,14847600
44.82,45.74,43.1,45.09,21286800
45.97,46.08,43.4,43.53,20680500
43.46,45.1,42.98,43.6,14435100
43.11,44.38,42.95,44.17,11844900
44.2,45.0,44.03,44.61,9519600
45.6,45.93,45.0,45.2,11050200
45.27,46.29,45.25,46.24,8946000
46.17,46.47,45.77,46.06,9172200
46.59,46.76,46.13,46.29,10417800
46.56,46.9,46.05,46.23,8905800
46.77,47.94,46.51,47.73,13958700
48.67,49.1,48.47,48.96,10135200
48.69,48.85,47.71,48.16,12358500
48.62,48.64,47.36,47.96,8893800
48.13,48.57,47.77,47.94,8314800
47.73,47.83,47.37,47.78,5280300
47.01,47.17,46.46,47.0,6108300
47.01,47.38,46.87,47.0,5649600
47.42,47.46,46.99,47.13,5841300
47.31,47.31,46.21,46.24,8442600
46.97,48.71,46.63,48.61,11466900
48.81,50.22,48.8,50.04,10653000
50.62,50.8,50.15,50.33,8753100
51.03,51.96,50.77,51.85,10297500
51.84,52.53,51.79,52.43,9031500
52.75,52.92,52.0,52.47,13021200
51.74,52.11,51.07,52.09,11981700
52.36,53.14,52.11,53.14,9354900
52.96,54.47,52.81,54.26,11162700
55.36,56.22,53.36,53.84,20627700
54.56,55.82,53.82,55.54,10328100
55.3,55.96,54.9,55.59,11799300
56.07,56.37,55.28,56.13,10618500
55.99,57.88,55.85,57.88,12982800
58.44,59.49,58.35,59.35,16167900
59.67,60.09,57.15,58.14,26134200
59.36,59.4,57.52,58.07,16662600
59.0,60.66,58.69,60.66,13304700
60.3,60.71,59.47,59.86,16543500
58.19,59.12,57.43,58.33,16563300
59.35,59.69,58.0,59.05,13874700
57.74,59.4,56.96,57.57,15996000
56.93,57.28,53.97,54.06,23773200
52.58,55.21,47.54,47.82,28828500
45.61,51.67,45.01,51.5,29922900
51.02,52.66,49.47,49.47,22014000
49.98,50.05,43.33,43.34,27050700
45.07,46.38,40.4,45.38,40043100
46.93,48.8,45.74,47.92,21882000
47.08,48.87,46.79,48.5,13506900
47.77,51.54,47.72,51.34,21014400
52.67,54.09,51.06,54.02,23796900
53.63,55.16,53.12,53.42,21319200
52.81,55.08,52.76,53.69,18233700
54.46,56.07,53.17,53.2,22184700
53.98,54.78,52.81,53.21,20825400
54.42,56.42,53.85,56.38,17846100
57.27,58.67,57.15,58.65,16743900
58.75,59.06,56.47,56.55,21663600
57.49,58.05,55.35,55.41,19126800
55.53,56.27,51.23,52.74,31489500
50.89,54.45,50.26,54.19,24174900
53.43,56.37,52.79,55.89,18610200
56.73,57.23,55.6,56.6,17757600
55.36,57.17,55.07,57.02,16720500
57.66,58.07,57.04,57.87,14396100
59.19,61.24,58.93,61.24,18418500
61.83,62.72,61.45,62.16,16584900
61.83,62.72,59.29,59.9,22786500
60.66,60.84,58.93,59.7,16702800
59.88,60.6,58.88,59.43,13862100
59.77,60.23,58.93,59.04,9783600
57.5,57.5,53.69,55.33,24279000
55.35,56.13,54.72,55.74,11524200
55.33,56.87,54.25,54.93,16500900
52.8,53.87,50.73,50.92,25734900
50.73,51.17,46.81,46.81,27199800
49.67,52.28,47.46,52.07,22938000
53.3,53.3,45.72,47.08,34201800
46.26,47.61,44.33,45.46,30286200
46.15,49.23,44.84,47.97,24634200
46.84,47.5,42.26,43.71,30619200
44.92,45.73,42.8,45.18,27725700
42.54,47.73,42.4,47.32,27091200
48.73,48.92,47.05,48.06,22919400
46.56,47.94,43.81,44.47,29036400
45.65,48.09,45.18,45.36,21986400
47.48,48.85,46.55,48.36,24359400
47.53,49.12,47.4,47.55,17930100
48.5,49.75,48.33,49.21,17845800
50.0,50.21,47.89,48.48,17810700
49.47,50.13,48.59,49.55,14787300
51.04,53.11,50.78,52.72,15416700
52.8,53.65,52.03,53.09,14761200
52.32,52.66,51.08,51.65,16127400
51.25,51.33,48.63,49.17,17601600
49.85,50.44,48.0,48.78,15416700
49.43,49.7,44.72,45.67,26627400
45.89,46.4,43.96,45.85,26352000
47.6,49.17,47.14,48.7,17749200
50.83,50.88,47.97,48.81,20607300
49.14,50.03,47.38,47.77,20140500
47.35,49.39,47.04,49.32,14622300
49.65,50.08,48.33,48.46,17956500
47.82,49.0,46.15,48.47,24509100
47.85,51.55,47.73,51.19,23241600
51.95,52.98,51.79,52.41,17382900
52.13,52.65,51.17,52.24,15839400
52.6,54.12,52.03,53.99,14374500
54.5,55.78,54.38,55.67,14875800
55.38,55.87,54.77,55.5,14962200
55.85,56.83,55.5,55.75,13647900
54.42,54.51,53.05,53.94,21815100
54.07,55.33,54.05,54.94,11214000
54.38,55.56,53.51,54.32,12902400
53.7,54.23,53.23,53.45,10683300
54.67,55.41,53.67,54.38,14611500
55.08,55.37,53.86,54.1,12117900
52.9,55.49,52.85,55.46,15380700
55.44,55.71,53.74,55.41,8888800
55.43,56.16,55.07,55.55,7885200
54.79,55.78,53.83,54.84,11806400
55.4,56.28,55.05,56.01,8850800
55.93,56.98,55.44,55.89,10132100
56.65,58.58,56.65,58.49,9646400
58.9,60.1,58.82,59.99,8006200
60.47,60.91,59.81,60.61,6987500
60.8,61.66,59.88,61.61,7203500
61.69,61.72,59.23,60.18,9806500
59.23,60.4,58.83,60.14,6165100
59.99,61.06,59.96,60.61,5104500
60.86,61.73,60.67,61.57,5981000
61.8,62.93,61.14,61.5,9030900
62.38,63.66,62.21,63.37,11306600
62.64,63.09,61.8,62.74,9711200
61.5,62.75,60.92,62.6,8590800
60.19,62.06,59.62,62.04,13454200
62.86,64.13,62.73,63.34,9955600
63.78,63.99,61.33,61.7,12785100
62.32,62.38,60.61,61.08,7778400
59.62,59.87,55.49,57.18,21413300
57.73,58.78,57.1,57.81,11770700
58.54,59.32,55.32,55.49,16479800
55.22,57.41,54.87,56.85,13912500
57.67,58.56,57.06,57.11,9817000
55.66,58.46,55.28,58.39,10412100
59.02,59.08,56.23,56.38,7053200
57.49,58.59,56.59,58.45,8202800
58.81,61.29,58.52,61.08,9376500
62.08,62.85,61.39,62.78,9047200
63.05,63.35,62.28,62.93,8348000
61.5,62.66,61.29,62.01,9978700
62.77,65.12,62.64,65.07,10169000
65.08,65.63,64.59,65.26,8484500
65.31,65.66,64.48,64.82,6945000
62.8,66.4,62.78,66.02,9449200
66.0,66.19,65.0,65.6,5817200
64.96,65.56,64.38,64.63,9609300
65.16,65.83,64.33,64.54,7174500
63.97,65.23,63.2,65.1,7878400
67.15,67.85,65.15,65.93,11883300
66.02,68.81,65.97,68.68,9655200
65.92,66.54,65.31,65.68,13986000
66.84,66.9,61.78,62.94,14762300
62.95,63.01,59.32,60.23,12600700
60.87,62.29,59.91,61.43,11964000
62.0,62.83,61.24,62.27,8662700
60.9,65.0,60.84,64.75,11530300
65.09,65.39,64.3,65.33,9016700
65.25,66.57,64.99,66.53,8508500
67.05,67.6,66.65,67.18,8996300
66.96,67.85,66.4,67.36,7929300
67.3,68.1,67.02,67.3,6790200
65.96,66.55,65.02,65.73,10703300
66.09,67.37,65.45,65.54,11559700
66.26,66.99,65.23,66.75,7590900
65.24,65.8,63.08,64.32,14482200
65.74,66.15,64.53,64.91,8142800
64.39,65.42,63.21,64.9,8782800
65.37,65.43,64.0,64.77,8432700
65.34,66.62,65.21,65.44,8383700
65.0,66.42,64.79,66.2,7914200
65.87,67.26,65.57,65.87,8891700
66.57,67.87,66.5,67.7,7994600
68.79,69.75,68.42,69.74,9106400
70.32,70.57,69.64,70.05,8153100
70.41,72.6,70.35,72.5,8216900
72.06,73.36,71.35,72.09,10982900
71.82,72.95,71.57,72.3,7877900
